[
    {
        "outputFile": "C:\\Users\\shashami\\StudioProjects\\FeedFood\\app\\build\\intermediates\\res\\merged\\debug\\values-el\\values-el.xml",
        "map": [
            {
                "to": {
                    "startLine": 2,
                    "startColumn": 4,
                    "startOffset": 105,
                    "endColumn": 117,
                    "endOffset": 218
                },
                "from": {
                    "file": "C:\\Users\\shashami\\StudioProjects\\FeedFood\\app\\build\\intermediates\\exploded-aar\\com.android.support\\appcompat-v7\\23.1.1\\res\\values-el\\values-el.xml",
                    "position": {
                        "startLine": 4,
                        "startColumn": 4,
                        "startOffset": 229,
                        "endColumn": 117,
                        "endOffset": 342
                    }
                }
            },
            {
                "to": {
                    "startLine": 3,
                    "startColumn": 4,
                    "startOffset": 223,
                    "endColumn": 107,
                    "endOffset": 326
                },
                "from": {
                    "file": "C:\\Users\\shashami\\StudioProjects\\FeedFood\\app\\build\\intermediates\\exploded-aar\\com.android.support\\appcompat-v7\\23.1.1\\res\\values-el\\values-el.xml",
                    "position": {
                        "startLine": 5,
                        "startColumn": 4,
                        "startOffset": 347,
                        "endColumn": 107,
                        "endOffset": 450
                    }
                }
            },
            {
                "to": {
                    "startLine": 4,
                    "startColumn": 4,
                    "startOffset": 331,
                    "endColumn": 122,
                    "endOffset": 449
                },
                "from": {
                    "file": "C:\\Users\\shashami\\StudioProjects\\FeedFood\\app\\build\\intermediates\\exploded-aar\\com.android.support\\appcompat-v7\\23.1.1\\res\\values-el\\values-el.xml",
                    "position": {
                        "startLine": 6,
                        "startColumn": 4,
                        "startOffset": 455,
                        "endColumn": 122,
                        "endOffset": 573
                    }
                }
            },
            {
                "to": {
                    "startLine": 5,
                    "startColumn": 4,
                    "startOffset": 454,
                    "endColumn": 110,
                    "endOffset": 560
                },
                "from": {
                    "file": "C:\\Users\\shashami\\StudioProjects\\FeedFood\\app\\build\\intermediates\\exploded-aar\\com.android.support\\appcompat-v7\\23.1.1\\res\\values-el\\values-el.xml",
                    "position": {
                        "startLine": 7,
                        "startColumn": 4,
                        "startOffset": 578,
                        "endColumn": 110,
                        "endOffset": 684
                    }
                }
            },
            {
                "to": {
                    "startLine": 6,
                    "startColumn": 4,
                    "startOffset": 565,
                    "endColumn": 116,
                    "endOffset": 677
                },
                "from": {
                    "file": "C:\\Users\\shashami\\StudioProjects\\FeedFood\\app\\build\\intermediates\\exploded-aar\\com.android.support\\appcompat-v7\\23.1.1\\res\\values-el\\values-el.xml",
                    "position": {
                        "startLine": 8,
                        "startColumn": 4,
                        "startOffset": 689,
                        "endColumn": 116,
                        "endOffset": 801
                    }
                }
            },
            {
                "to": {
                    "startLine": 7,
                    "startColumn": 4,
                    "startOffset": 682,
                    "endColumn": 84,
                    "endOffset": 762
                },
                "from": {
                    "file": "C:\\Users\\shashami\\StudioProjects\\FeedFood\\app\\build\\intermediates\\exploded-aar\\com.android.support\\appcompat-v7\\23.1.1\\res\\values-el\\values-el.xml",
                    "position": {
                        "startLine": 9,
                        "startColumn": 4,
                        "startOffset": 806,
                        "endColumn": 84,
                        "endOffset": 886
                    }
                }
            },
            {
                "to": {
                    "startLine": 8,
                    "startColumn": 4,
                    "startOffset": 767,
                    "endColumn": 104,
                    "endOffset": 867
                },
                "from": {
                    "file": "C:\\Users\\shashami\\StudioProjects\\FeedFood\\app\\build\\intermediates\\exploded-aar\\com.android.support\\appcompat-v7\\23.1.1\\res\\values-el\\values-el.xml",
                    "position": {
                        "startLine": 10,
                        "startColumn": 4,
                        "startOffset": 891,
                        "endColumn": 104,
                        "endOffset": 991
                    }
                }
            },
            {
                "to": {
                    "startLine": 9,
                    "startColumn": 4,
                    "startOffset": 872,
                    "endColumn": 125,
                    "endOffset": 993
                },
                "from": {
                    "file": "C:\\Users\\shashami\\StudioProjects\\FeedFood\\app\\build\\intermediates\\exploded-aar\\com.android.support\\appcompat-v7\\23.1.1\\res\\values-el\\values-el.xml",
                    "position": {
                        "startLine": 11,
                        "startColumn": 4,
                        "startOffset": 996,
                        "endColumn": 125,
                        "endOffset": 1117
                    }
                }
            },
            {
                "to": {
                    "startLine": 10,
                    "startColumn": 4,
                    "startOffset": 998,
                    "endColumn": 87,
                    "endOffset": 1081
                },
                "from": {
                    "file": "C:\\Users\\shashami\\StudioProjects\\FeedFood\\app\\build\\intermediates\\exploded-aar\\com.android.support\\appcompat-v7\\23.1.1\\res\\values-el\\values-el.xml",
                    "position": {
                        "startLine": 12,
                        "startColumn": 4,
                        "startOffset": 1122,
                        "endColumn": 87,
                        "endOffset": 1205
                    }
                }
            },
            {
                "to": {
                    "startLine": 11,
                    "startColumn": 4,
                    "startOffset": 1086,
                    "endColumn": 85,
                    "endOffset": 1167
                },
                "from": {
                    "file": "C:\\Users\\shashami\\StudioProjects\\FeedFood\\app\\build\\intermediates\\exploded-aar\\com.android.support\\appcompat-v7\\23.1.1\\res\\values-el\\values-el.xml",
                    "position": {
                        "startLine": 13,
                        "startColumn": 4,
                        "startOffset": 1210,
                        "endColumn": 85,
                        "endOffset": 1291
                    }
                }
            },
            {
                "to": {
                    "startLine": 12,
                    "startColumn": 4,
                    "startOffset": 1172,
                    "endColumn": 84,
                    "endOffset": 1252
                },
                "from": {
                    "file": "C:\\Users\\shashami\\StudioProjects\\FeedFood\\app\\build\\intermediates\\exploded-aar\\com.android.support\\appcompat-v7\\23.1.1\\res\\values-el\\values-el.xml",
                    "position": {
                        "startLine": 14,
                        "startColumn": 4,
                        "startOffset": 1296,
                        "endColumn": 84,
                        "endOffset": 1376
                    }
                }
            },
            {
                "to": {
                    "startLine": 13,
                    "startColumn": 4,
                    "startOffset": 1257,
                    "endColumn": 110,
                    "endOffset": 1363
                },
                "from": {
                    "file": "C:\\Users\\shashami\\StudioProjects\\FeedFood\\app\\build\\intermediates\\exploded-aar\\com.android.support\\appcompat-v7\\23.1.1\\res\\values-el\\values-el.xml",
                    "position": {
                        "startLine": 15,
                        "startColumn": 4,
                        "startOffset": 1381,
                        "endColumn": 110,
                        "endOffset": 1487
                    }
                }
            },
            {
                "to": {
                    "startLine": 14,
                    "startColumn": 4,
                    "startOffset": 1368,
                    "endColumn": 109,
                    "endOffset": 1473
                },
                "from": {
                    "file": "C:\\Users\\shashami\\StudioProjects\\FeedFood\\app\\build\\intermediates\\exploded-aar\\com.android.support\\appcompat-v7\\23.1.1\\res\\values-el\\values-el.xml",
                    "position": {
                        "startLine": 16,
                        "startColumn": 4,
                        "startOffset": 1492,
                        "endColumn": 109,
                        "endOffset": 1597
                    }
                }
            },
            {
                "to": {
                    "startLine": 15,
                    "startColumn": 4,
                    "startOffset": 1478,
                    "endColumn": 101,
                    "endOffset": 1575
                },
                "from": {
                    "file": "C:\\Users\\shashami\\StudioProjects\\FeedFood\\app\\build\\intermediates\\exploded-aar\\com.android.support\\appcompat-v7\\23.1.1\\res\\values-el\\values-el.xml",
                    "position": {
                        "startLine": 17,
                        "startColumn": 4,
                        "startOffset": 1602,
                        "endColumn": 101,
                        "endOffset": 1699
                    }
                }
            },
            {
                "to": {
                    "startLine": 16,
                    "startColumn": 4,
                    "startOffset": 1580,
                    "endColumn": 110,
                    "endOffset": 1686
                },
                "from": {
                    "file": "C:\\Users\\shashami\\StudioProjects\\FeedFood\\app\\build\\intermediates\\exploded-aar\\com.android.support\\appcompat-v7\\23.1.1\\res\\values-el\\values-el.xml",
                    "position": {
                        "startLine": 18,
                        "startColumn": 4,
                        "startOffset": 1704,
                        "endColumn": 110,
                        "endOffset": 1810
                    }
                }
            },
            {
                "to": {
                    "startLine": 17,
                    "startColumn": 4,
                    "startOffset": 1691,
                    "endColumn": 108,
                    "endOffset": 1795
                },
                "from": {
                    "file": "C:\\Users\\shashami\\StudioProjects\\FeedFood\\app\\build\\intermediates\\exploded-aar\\com.android.support\\appcompat-v7\\23.1.1\\res\\values-el\\values-el.xml",
                    "position": {
                        "startLine": 19,
                        "startColumn": 4,
                        "startOffset": 1815,
                        "endColumn": 108,
                        "endOffset": 1919
                    }
                }
            },
            {
                "to": {
                    "startLine": 18,
                    "startColumn": 4,
                    "startOffset": 1800,
                    "endColumn": 107,
                    "endOffset": 1903
                },
                "from": {
                    "file": "C:\\Users\\shashami\\StudioProjects\\FeedFood\\app\\build\\intermediates\\exploded-aar\\com.android.support\\appcompat-v7\\23.1.1\\res\\values-el\\values-el.xml",
                    "position": {
                        "startLine": 20,
                        "startColumn": 4,
                        "startOffset": 1924,
                        "endColumn": 107,
                        "endOffset": 2027
                    }
                }
            },
            {
                "to": {
                    "startLine": 19,
                    "startColumn": 4,
                    "startOffset": 1908,
                    "endColumn": 122,
                    "endOffset": 2026
                },
                "from": {
                    "file": "C:\\Users\\shashami\\StudioProjects\\FeedFood\\app\\build\\intermediates\\exploded-aar\\com.android.support\\appcompat-v7\\23.1.1\\res\\values-el\\values-el.xml",
                    "position": {
                        "startLine": 21,
                        "startColumn": 4,
                        "startOffset": 2032,
                        "endColumn": 122,
                        "endOffset": 2150
                    }
                }
            },
            {
                "to": {
                    "startLine": 20,
                    "startColumn": 4,
                    "startOffset": 2031,
                    "endColumn": 99,
                    "endOffset": 2126
                },
                "from": {
                    "file": "C:\\Users\\shashami\\StudioProjects\\FeedFood\\app\\build\\intermediates\\exploded-aar\\com.android.support\\appcompat-v7\\23.1.1\\res\\values-el\\values-el.xml",
                    "position": {
                        "startLine": 22,
                        "startColumn": 4,
                        "startOffset": 2155,
                        "endColumn": 99,
                        "endOffset": 2250
                    }
                }
            },
            {
                "to": {
                    "startLine": 21,
                    "startColumn": 4,
                    "startOffset": 2131,
                    "endColumn": 293,
                    "endOffset": 2420
                },
                "from": {
                    "file": "C:\\Users\\shashami\\StudioProjects\\FeedFood\\app\\build\\intermediates\\exploded-aar\\com.google.android.gms\\play-services-base\\8.4.0\\res\\values-el\\base_strings.xml",
                    "position": {
                        "startLine": 24,
                        "startColumn": 4,
                        "startOffset": 3683,
                        "endColumn": 297,
                        "endOffset": 3976
                    }
                }
            },
            {
                "to": {
                    "startLine": 22,
                    "startColumn": 4,
                    "startOffset": 2425,
                    "endColumn": 134,
                    "endOffset": 2555
                },
                "from": {
                    "file": "C:\\Users\\shashami\\StudioProjects\\FeedFood\\app\\build\\intermediates\\exploded-aar\\com.google.android.gms\\play-services-base\\8.4.0\\res\\values-el\\base_strings.xml",
                    "position": {
                        "startLine": 10,
                        "startColumn": 4,
                        "startOffset": 1403,
                        "endColumn": 134,
                        "endOffset": 1533
                    }
                }
            },
            {
                "to": {
                    "startLine": 23,
                    "startColumn": 4,
                    "startOffset": 2560,
                    "endColumn": 217,
                    "endOffset": 2773
                },
                "from": {
                    "file": "C:\\Users\\shashami\\StudioProjects\\FeedFood\\app\\build\\intermediates\\exploded-aar\\com.google.android.gms\\play-services-base\\8.4.0\\res\\values-el\\base_strings.xml",
                    "position": {
                        "startLine": 9,
                        "startColumn": 4,
                        "startOffset": 1181,
                        "endColumn": 221,
                        "endOffset": 1398
                    }
                }
            },
            {
                "to": {
                    "startLine": 24,
                    "startColumn": 4,
                    "startOffset": 2778,
                    "endColumn": 133,
                    "endOffset": 2907
                },
                "from": {
                    "file": "C:\\Users\\shashami\\StudioProjects\\FeedFood\\app\\build\\intermediates\\exploded-aar\\com.google.android.gms\\play-services-base\\8.4.0\\res\\values-el\\base_strings.xml",
                    "position": {
                        "startLine": 8,
                        "startColumn": 4,
                        "startOffset": 1047,
                        "endColumn": 133,
                        "endOffset": 1176
                    }
                }
            },
            {
                "to": {
                    "startLine": 25,
                    "startColumn": 4,
                    "startOffset": 2912,
                    "endColumn": 127,
                    "endOffset": 3035
                },
                "from": {
                    "file": "C:\\Users\\shashami\\StudioProjects\\FeedFood\\app\\build\\intermediates\\exploded-aar\\com.google.android.gms\\play-services-base\\8.4.0\\res\\values-el\\base_strings.xml",
                    "position": {
                        "startLine": 7,
                        "startColumn": 4,
                        "startOffset": 919,
                        "endColumn": 127,
                        "endOffset": 1042
                    }
                }
            },
            {
                "to": {
                    "startLine": 26,
                    "startColumn": 4,
                    "startOffset": 3040,
                    "endColumn": 239,
                    "endOffset": 3275
                },
                "from": {
                    "file": "C:\\Users\\shashami\\StudioProjects\\FeedFood\\app\\build\\intermediates\\exploded-aar\\com.google.android.gms\\play-services-base\\8.4.0\\res\\values-el\\base_strings.xml",
                    "position": {
                        "startLine": 5,
                        "startColumn": 4,
                        "startOffset": 432,
                        "endColumn": 243,
                        "endOffset": 671
                    }
                }
            },
            {
                "to": {
                    "startLine": 27,
                    "startColumn": 4,
                    "startOffset": 3280,
                    "endColumn": 238,
                    "endOffset": 3514
                },
                "from": {
                    "file": "C:\\Users\\shashami\\StudioProjects\\FeedFood\\app\\build\\intermediates\\exploded-aar\\com.google.android.gms\\play-services-base\\8.4.0\\res\\values-el\\base_strings.xml",
                    "position": {
                        "startLine": 6,
                        "startColumn": 4,
                        "startOffset": 676,
                        "endColumn": 242,
                        "endOffset": 914
                    }
                }
            },
            {
                "to": {
                    "startLine": 28,
                    "startColumn": 4,
                    "startOffset": 3519,
                    "endColumn": 126,
                    "endOffset": 3641
                },
                "from": {
                    "file": "C:\\Users\\shashami\\StudioProjects\\FeedFood\\app\\build\\intermediates\\exploded-aar\\com.google.android.gms\\play-services-base\\8.4.0\\res\\values-el\\base_strings.xml",
                    "position": {
                        "startLine": 4,
                        "startColumn": 4,
                        "startOffset": 305,
                        "endColumn": 126,
                        "endOffset": 427
                    }
                }
            },
            {
                "to": {
                    "startLine": 29,
                    "startColumn": 4,
                    "startOffset": 3646,
                    "endColumn": 205,
                    "endOffset": 3847
                },
                "from": {
                    "file": "C:\\Users\\shashami\\StudioProjects\\FeedFood\\app\\build\\intermediates\\exploded-aar\\com.google.android.gms\\play-services-base\\8.4.0\\res\\values-el\\base_strings.xml",
                    "position": {
                        "startLine": 19,
                        "startColumn": 4,
                        "startOffset": 2858,
                        "endColumn": 205,
                        "endOffset": 3059
                    }
                }
            },
            {
                "to": {
                    "startLine": 30,
                    "startColumn": 4,
                    "startOffset": 3852,
                    "endColumn": 127,
                    "endOffset": 3975
                },
                "from": {
                    "file": "C:\\Users\\shashami\\StudioProjects\\FeedFood\\app\\build\\intermediates\\exploded-aar\\com.google.android.gms\\play-services-base\\8.4.0\\res\\values-el\\base_strings.xml",
                    "position": {
                        "startLine": 18,
                        "startColumn": 4,
                        "startOffset": 2730,
                        "endColumn": 127,
                        "endOffset": 2853
                    }
                }
            },
            {
                "to": {
                    "startLine": 31,
                    "startColumn": 4,
                    "startOffset": 3980,
                    "endColumn": 181,
                    "endOffset": 4157
                },
                "from": {
                    "file": "C:\\Users\\shashami\\StudioProjects\\FeedFood\\app\\build\\intermediates\\exploded-aar\\com.google.android.gms\\play-services-base\\8.4.0\\res\\values-el\\base_strings.xml",
                    "position": {
                        "startLine": 17,
                        "startColumn": 4,
                        "startOffset": 2548,
                        "endColumn": 181,
                        "endOffset": 2725
                    }
                }
            },
            {
                "to": {
                    "startLine": 32,
                    "startColumn": 4,
                    "startOffset": 4162,
                    "endColumn": 120,
                    "endOffset": 4278
                },
                "from": {
                    "file": "C:\\Users\\shashami\\StudioProjects\\FeedFood\\app\\build\\intermediates\\exploded-aar\\com.google.android.gms\\play-services-base\\8.4.0\\res\\values-el\\base_strings.xml",
                    "position": {
                        "startLine": 16,
                        "startColumn": 4,
                        "startOffset": 2427,
                        "endColumn": 120,
                        "endOffset": 2543
                    }
                }
            },
            {
                "to": {
                    "startLine": 33,
                    "startColumn": 4,
                    "startOffset": 4283,
                    "endColumn": 134,
                    "endOffset": 4413
                },
                "from": {
                    "file": "C:\\Users\\shashami\\StudioProjects\\FeedFood\\app\\build\\intermediates\\exploded-aar\\com.google.android.gms\\play-services-base\\8.4.0\\res\\values-el\\base_strings.xml",
                    "position": {
                        "startLine": 3,
                        "startColumn": 4,
                        "startOffset": 170,
                        "endColumn": 134,
                        "endOffset": 300
                    }
                }
            },
            {
                "to": {
                    "startLine": 34,
                    "startColumn": 4,
                    "startOffset": 4418,
                    "endColumn": 194,
                    "endOffset": 4608
                },
                "from": {
                    "file": "C:\\Users\\shashami\\StudioProjects\\FeedFood\\app\\build\\intermediates\\exploded-aar\\com.google.android.gms\\play-services-base\\8.4.0\\res\\values-el\\base_strings.xml",
                    "position": {
                        "startLine": 28,
                        "startColumn": 4,
                        "startOffset": 4443,
                        "endColumn": 194,
                        "endOffset": 4633
                    }
                }
            },
            {
                "to": {
                    "startLine": 35,
                    "startColumn": 4,
                    "startOffset": 4613,
                    "endColumn": 141,
                    "endOffset": 4750
                },
                "from": {
                    "file": "C:\\Users\\shashami\\StudioProjects\\FeedFood\\app\\build\\intermediates\\exploded-aar\\com.google.android.gms\\play-services-base\\8.4.0\\res\\values-el\\base_strings.xml",
                    "position": {
                        "startLine": 27,
                        "startColumn": 4,
                        "startOffset": 4301,
                        "endColumn": 141,
                        "endOffset": 4438
                    }
                }
            },
            {
                "to": {
                    "startLine": 36,
                    "startColumn": 4,
                    "startOffset": 4755,
                    "endColumn": 194,
                    "endOffset": 4945
                },
                "from": {
                    "file": "C:\\Users\\shashami\\StudioProjects\\FeedFood\\app\\build\\intermediates\\exploded-aar\\com.google.android.gms\\play-services-base\\8.4.0\\res\\values-el\\base_strings.xml",
                    "position": {
                        "startLine": 26,
                        "startColumn": 4,
                        "startOffset": 4106,
                        "endColumn": 194,
                        "endOffset": 4296
                    }
                }
            },
            {
                "to": {
                    "startLine": 37,
                    "startColumn": 4,
                    "startOffset": 4950,
                    "endColumn": 124,
                    "endOffset": 5070
                },
                "from": {
                    "file": "C:\\Users\\shashami\\StudioProjects\\FeedFood\\app\\build\\intermediates\\exploded-aar\\com.google.android.gms\\play-services-base\\8.4.0\\res\\values-el\\base_strings.xml",
                    "position": {
                        "startLine": 25,
                        "startColumn": 4,
                        "startOffset": 3981,
                        "endColumn": 124,
                        "endOffset": 4101
                    }
                }
            },
            {
                "to": {
                    "startLine": 38,
                    "startColumn": 4,
                    "startOffset": 5075,
                    "endColumn": 298,
                    "endOffset": 5369
                },
                "from": {
                    "file": "C:\\Users\\shashami\\StudioProjects\\FeedFood\\app\\build\\intermediates\\exploded-aar\\com.google.android.gms\\play-services-basement\\8.4.0\\res\\values-el\\common_strings.xml",
                    "position": {
                        "startLine": 3,
                        "startColumn": 4,
                        "startOffset": 170,
                        "endColumn": 302,
                        "endOffset": 468
                    }
                }
            },
            {
                "to": {
                    "startLine": 39,
                    "startColumn": 4,
                    "startOffset": 5374,
                    "endColumn": 281,
                    "endOffset": 5651
                },
                "from": {
                    "file": "C:\\Users\\shashami\\StudioProjects\\FeedFood\\app\\build\\intermediates\\exploded-aar\\com.google.android.gms\\play-services-base\\8.4.0\\res\\values-el\\base_strings.xml",
                    "position": {
                        "startLine": 21,
                        "startColumn": 4,
                        "startOffset": 3189,
                        "endColumn": 285,
                        "endOffset": 3470
                    }
                }
            },
            {
                "to": {
                    "startLine": 40,
                    "startColumn": 4,
                    "startOffset": 5656,
                    "endColumn": 124,
                    "endOffset": 5776
                },
                "from": {
                    "file": "C:\\Users\\shashami\\StudioProjects\\FeedFood\\app\\build\\intermediates\\exploded-aar\\com.google.android.gms\\play-services-base\\8.4.0\\res\\values-el\\base_strings.xml",
                    "position": {
                        "startLine": 20,
                        "startColumn": 4,
                        "startOffset": 3064,
                        "endColumn": 124,
                        "endOffset": 3184
                    }
                }
            },
            {
                "to": {
                    "startLine": 41,
                    "startColumn": 4,
                    "startOffset": 5781,
                    "endColumn": 109,
                    "endOffset": 5886
                },
                "from": {
                    "file": "C:\\Users\\shashami\\StudioProjects\\FeedFood\\app\\build\\intermediates\\exploded-aar\\com.google.android.gms\\play-services-base\\8.4.0\\res\\values-el\\base_strings.xml",
                    "position": {
                        "startLine": 22,
                        "startColumn": 4,
                        "startOffset": 3475,
                        "endColumn": 109,
                        "endOffset": 3580
                    }
                }
            },
            {
                "to": {
                    "startLine": 42,
                    "startColumn": 4,
                    "startOffset": 5891,
                    "endColumn": 200,
                    "endOffset": 6087
                },
                "from": {
                    "file": "C:\\Users\\shashami\\StudioProjects\\FeedFood\\app\\build\\intermediates\\exploded-aar\\com.google.android.gms\\play-services-base\\8.4.0\\res\\values-el\\base_strings.xml",
                    "position": {
                        "startLine": 12,
                        "startColumn": 4,
                        "startOffset": 1669,
                        "endColumn": 204,
                        "endOffset": 1869
                    }
                }
            },
            {
                "to": {
                    "startLine": 43,
                    "startColumn": 4,
                    "startOffset": 6092,
                    "endColumn": 130,
                    "endOffset": 6218
                },
                "from": {
                    "file": "C:\\Users\\shashami\\StudioProjects\\FeedFood\\app\\build\\intermediates\\exploded-aar\\com.google.android.gms\\play-services-base\\8.4.0\\res\\values-el\\base_strings.xml",
                    "position": {
                        "startLine": 11,
                        "startColumn": 4,
                        "startOffset": 1538,
                        "endColumn": 130,
                        "endOffset": 1664
                    }
                }
            },
            {
                "to": {
                    "startLine": 44,
                    "startColumn": 4,
                    "startOffset": 6223,
                    "endColumn": 236,
                    "endOffset": 6455
                },
                "from": {
                    "file": "C:\\Users\\shashami\\StudioProjects\\FeedFood\\app\\build\\intermediates\\exploded-aar\\com.google.android.gms\\play-services-base\\8.4.0\\res\\values-el\\base_strings.xml",
                    "position": {
                        "startLine": 15,
                        "startColumn": 4,
                        "startOffset": 2186,
                        "endColumn": 240,
                        "endOffset": 2422
                    }
                }
            },
            {
                "to": {
                    "startLine": 45,
                    "startColumn": 4,
                    "startOffset": 6460,
                    "endColumn": 136,
                    "endOffset": 6592
                },
                "from": {
                    "file": "C:\\Users\\shashami\\StudioProjects\\FeedFood\\app\\build\\intermediates\\exploded-aar\\com.google.android.gms\\play-services-base\\8.4.0\\res\\values-el\\base_strings.xml",
                    "position": {
                        "startLine": 14,
                        "startColumn": 4,
                        "startOffset": 2049,
                        "endColumn": 136,
                        "endOffset": 2181
                    }
                }
            },
            {
                "to": {
                    "startLine": 46,
                    "startColumn": 4,
                    "startOffset": 6597,
                    "endColumn": 174,
                    "endOffset": 6767
                },
                "from": {
                    "file": "C:\\Users\\shashami\\StudioProjects\\FeedFood\\app\\build\\intermediates\\exploded-aar\\com.google.android.gms\\play-services-base\\8.4.0\\res\\values-el\\base_strings.xml",
                    "position": {
                        "startLine": 13,
                        "startColumn": 4,
                        "startOffset": 1874,
                        "endColumn": 174,
                        "endOffset": 2044
                    }
                }
            },
            {
                "to": {
                    "startLine": 47,
                    "startColumn": 4,
                    "startOffset": 6772,
                    "endColumn": 97,
                    "endOffset": 6865
                },
                "from": {
                    "file": "C:\\Users\\shashami\\StudioProjects\\FeedFood\\app\\build\\intermediates\\exploded-aar\\com.google.android.gms\\play-services-base\\8.4.0\\res\\values-el\\base_strings.xml",
                    "position": {
                        "startLine": 23,
                        "startColumn": 4,
                        "startOffset": 3585,
                        "endColumn": 97,
                        "endOffset": 3678
                    }
                }
            },
            {
                "to": {
                    "startLine": 48,
                    "startColumn": 4,
                    "startOffset": 6870,
                    "endColumn": 91,
                    "endOffset": 6957
                },
                "from": {
                    "file": "C:\\Users\\shashami\\StudioProjects\\FeedFood\\app\\build\\intermediates\\exploded-aar\\com.google.android.gms\\play-services-base\\8.4.0\\res\\values-el\\base_strings.xml",
                    "position": {
                        "startLine": 29,
                        "startColumn": 4,
                        "startOffset": 4638,
                        "endColumn": 91,
                        "endOffset": 4725
                    }
                }
            },
            {
                "to": {
                    "startLine": 49,
                    "startColumn": 4,
                    "startOffset": 6962,
                    "endColumn": 112,
                    "endOffset": 7070
                },
                "from": {
                    "file": "C:\\Users\\shashami\\StudioProjects\\FeedFood\\app\\build\\intermediates\\exploded-aar\\com.google.android.gms\\play-services-base\\8.4.0\\res\\values-el\\base_strings.xml",
                    "position": {
                        "startLine": 30,
                        "startColumn": 4,
                        "startOffset": 4730,
                        "endColumn": 112,
                        "endOffset": 4838
                    }
                }
            },
            {
                "to": {
                    "startLine": 50,
                    "startColumn": 4,
                    "startOffset": 7075,
                    "endColumn": 108,
                    "endOffset": 7179
                },
                "from": {
                    "file": "C:\\Users\\shashami\\StudioProjects\\FeedFood\\app\\build\\intermediates\\exploded-aar\\com.android.support\\mediarouter-v7\\23.0.0\\res\\values-el\\values-el.xml",
                    "position": {
                        "startLine": 4,
                        "startColumn": 4,
                        "startOffset": 278,
                        "endColumn": 108,
                        "endOffset": 382
                    }
                }
            },
            {
                "to": {
                    "startLine": 51,
                    "startColumn": 4,
                    "startOffset": 7184,
                    "endColumn": 110,
                    "endOffset": 7290
                },
                "from": {
                    "file": "C:\\Users\\shashami\\StudioProjects\\FeedFood\\app\\build\\intermediates\\exploded-aar\\com.android.support\\mediarouter-v7\\23.0.0\\res\\values-el\\values-el.xml",
                    "position": {
                        "startLine": 5,
                        "startColumn": 4,
                        "startOffset": 387,
                        "endColumn": 110,
                        "endOffset": 493
                    }
                }
            },
            {
                "to": {
                    "startLine": 52,
                    "startColumn": 4,
                    "startOffset": 7295,
                    "endColumn": 108,
                    "endOffset": 7399
                },
                "from": {
                    "file": "C:\\Users\\shashami\\StudioProjects\\FeedFood\\app\\build\\intermediates\\exploded-aar\\com.android.support\\mediarouter-v7\\23.0.0\\res\\values-el\\values-el.xml",
                    "position": {
                        "startLine": 6,
                        "startColumn": 4,
                        "startOffset": 498,
                        "endColumn": 108,
                        "endOffset": 602
                    }
                }
            },
            {
                "to": {
                    "startLine": 53,
                    "startColumn": 4,
                    "startOffset": 7404,
                    "endColumn": 104,
                    "endOffset": 7504
                },
                "from": {
                    "file": "C:\\Users\\shashami\\StudioProjects\\FeedFood\\app\\build\\intermediates\\exploded-aar\\com.android.support\\mediarouter-v7\\23.0.0\\res\\values-el\\values-el.xml",
                    "position": {
                        "startLine": 7,
                        "startColumn": 4,
                        "startOffset": 607,
                        "endColumn": 104,
                        "endOffset": 707
                    }
                }
            },
            {
                "to": {
                    "startLine": 54,
                    "startColumn": 4,
                    "startOffset": 7509,
                    "endColumn": 137,
                    "endOffset": 7642
                },
                "from": {
                    "file": "C:\\Users\\shashami\\StudioProjects\\FeedFood\\app\\build\\intermediates\\exploded-aar\\com.android.support\\mediarouter-v7\\23.0.0\\res\\values-el\\values-el.xml",
                    "position": {
                        "startLine": 8,
                        "startColumn": 4,
                        "startOffset": 712,
                        "endColumn": 137,
                        "endOffset": 845
                    }
                }
            },
            {
                "to": {
                    "startLine": 55,
                    "startColumn": 4,
                    "startOffset": 7647,
                    "endColumn": 95,
                    "endOffset": 7738
                },
                "from": {
                    "file": "C:\\Users\\shashami\\StudioProjects\\FeedFood\\app\\build\\intermediates\\exploded-aar\\com.android.support\\mediarouter-v7\\23.0.0\\res\\values-el\\values-el.xml",
                    "position": {
                        "startLine": 9,
                        "startColumn": 4,
                        "startOffset": 850,
                        "endColumn": 95,
                        "endOffset": 941
                    }
                }
            },
            {
                "to": {
                    "startLine": 56,
                    "startColumn": 4,
                    "startOffset": 7743,
                    "endColumn": 100,
                    "endOffset": 7839
                },
                "from": {
                    "file": "C:\\Users\\shashami\\StudioProjects\\FeedFood\\app\\build\\intermediates\\exploded-aar\\com.android.support\\mediarouter-v7\\23.0.0\\res\\values-el\\values-el.xml",
                    "position": {
                        "startLine": 10,
                        "startColumn": 4,
                        "startOffset": 946,
                        "endColumn": 100,
                        "endOffset": 1042
                    }
                }
            },
            {
                "to": {
                    "startLine": 57,
                    "startColumn": 4,
                    "startOffset": 7844,
                    "endColumn": 123,
                    "endOffset": 7963
                },
                "from": {
                    "file": "C:\\Users\\shashami\\StudioProjects\\FeedFood\\app\\build\\intermediates\\exploded-aar\\com.android.support\\mediarouter-v7\\23.0.0\\res\\values-el\\values-el.xml",
                    "position": {
                        "startLine": 11,
                        "startColumn": 4,
                        "startOffset": 1047,
                        "endColumn": 123,
                        "endOffset": 1166
                    }
                }
            },
            {
                "to": {
                    "startLine": 58,
                    "startColumn": 4,
                    "startOffset": 7968,
                    "endColumn": 106,
                    "endOffset": 8070
                },
                "from": {
                    "file": "C:\\Users\\shashami\\StudioProjects\\FeedFood\\app\\build\\intermediates\\exploded-aar\\com.android.support\\mediarouter-v7\\23.0.0\\res\\values-el\\values-el.xml",
                    "position": {
                        "startLine": 12,
                        "startColumn": 4,
                        "startOffset": 1171,
                        "endColumn": 106,
                        "endOffset": 1273
                    }
                }
            },
            {
                "to": {
                    "startLine": 59,
                    "startColumn": 4,
                    "startOffset": 8075,
                    "endColumn": 86,
                    "endOffset": 8157
                },
                "from": {
                    "file": "C:\\Users\\shashami\\StudioProjects\\FeedFood\\app\\build\\intermediates\\exploded-aar\\com.android.support\\mediarouter-v7\\23.0.0\\res\\values-el\\values-el.xml",
                    "position": {
                        "startLine": 13,
                        "startColumn": 4,
                        "startOffset": 1278,
                        "endColumn": 86,
                        "endOffset": 1360
                    }
                }
            },
            {
                "to": {
                    "startLine": 60,
                    "startColumn": 4,
                    "startOffset": 8162,
                    "endColumn": 94,
                    "endOffset": 8252
                },
                "from": {
                    "file": "C:\\Users\\shashami\\StudioProjects\\FeedFood\\app\\build\\intermediates\\exploded-aar\\com.android.support\\mediarouter-v7\\23.0.0\\res\\values-el\\values-el.xml",
                    "position": {
                        "startLine": 14,
                        "startColumn": 4,
                        "startOffset": 1365,
                        "endColumn": 94,
                        "endOffset": 1455
                    }
                }
            },
            {
                "to": {
                    "startLine": 61,
                    "startColumn": 4,
                    "startOffset": 8257,
                    "endColumn": 110,
                    "endOffset": 8363
                },
                "from": {
                    "file": "C:\\Users\\shashami\\StudioProjects\\FeedFood\\app\\build\\intermediates\\exploded-aar\\com.google.android.gms\\play-services-location\\8.4.0\\res\\values-el\\location_strings.xml",
                    "position": {
                        "startLine": 6,
                        "startColumn": 4,
                        "startOffset": 329,
                        "endColumn": 110,
                        "endOffset": 435
                    }
                }
            },
            {
                "to": {
                    "startLine": 62,
                    "startColumn": 4,
                    "startOffset": 8368,
                    "endColumn": 98,
                    "endOffset": 8462
                },
                "from": {
                    "file": "C:\\Users\\shashami\\StudioProjects\\FeedFood\\app\\build\\intermediates\\exploded-aar\\com.google.android.gms\\play-services-location\\8.4.0\\res\\values-el\\location_strings.xml",
                    "position": {
                        "startLine": 5,
                        "startColumn": 4,
                        "startOffset": 230,
                        "endColumn": 98,
                        "endOffset": 324
                    }
                }
            },
            {
                "to": {
                    "startLine": 63,
                    "startColumn": 4,
                    "startOffset": 8467,
                    "endColumn": 100,
                    "endOffset": 8563
                },
                "from": {
                    "file": "C:\\Users\\shashami\\StudioProjects\\FeedFood\\app\\build\\intermediates\\exploded-aar\\com.android.support\\appcompat-v7\\23.1.1\\res\\values-el\\values-el.xml",
                    "position": {
                        "startLine": 23,
                        "startColumn": 4,
                        "startOffset": 2255,
                        "endColumn": 100,
                        "endOffset": 2351
                    }
                }
            },
            {
                "to": {
                    "startLine": 64,
                    "startColumn": 4,
                    "startOffset": 8568,
                    "endColumn": 106,
                    "endOffset": 8670
                },
                "from": {
                    "file": "C:\\Users\\shashami\\StudioProjects\\FeedFood\\app\\build\\intermediates\\exploded-aar\\com.google.android.gms\\play-services-wallet\\8.4.0\\res\\values-el\\wallet_strings.xml",
                    "position": {
                        "startLine": 5,
                        "startColumn": 4,
                        "startOffset": 230,
                        "endColumn": 106,
                        "endOffset": 332
                    }
                }
            }
        ]
    }
]