[
    {
        "outputFile": "C:\\Users\\shashami\\StudioProjects\\FeedFood\\app\\build\\intermediates\\res\\merged\\debug\\values-tl\\values-tl.xml",
        "map": [
            {
                "to": {
                    "startLine": 2,
                    "startColumn": 4,
                    "startOffset": 105,
                    "endColumn": 118,
                    "endOffset": 219
                },
                "from": {
                    "file": "C:\\Users\\shashami\\StudioProjects\\FeedFood\\app\\build\\intermediates\\exploded-aar\\com.android.support\\appcompat-v7\\23.1.1\\res\\values-tl\\values-tl.xml",
                    "position": {
                        "startLine": 4,
                        "startColumn": 4,
                        "startOffset": 229,
                        "endColumn": 118,
                        "endOffset": 343
                    }
                }
            },
            {
                "to": {
                    "startLine": 3,
                    "startColumn": 4,
                    "startOffset": 224,
                    "endColumn": 107,
                    "endOffset": 327
                },
                "from": {
                    "file": "C:\\Users\\shashami\\StudioProjects\\FeedFood\\app\\build\\intermediates\\exploded-aar\\com.android.support\\appcompat-v7\\23.1.1\\res\\values-tl\\values-tl.xml",
                    "position": {
                        "startLine": 5,
                        "startColumn": 4,
                        "startOffset": 348,
                        "endColumn": 107,
                        "endOffset": 451
                    }
                }
            },
            {
                "to": {
                    "startLine": 4,
                    "startColumn": 4,
                    "startOffset": 332,
                    "endColumn": 122,
                    "endOffset": 450
                },
                "from": {
                    "file": "C:\\Users\\shashami\\StudioProjects\\FeedFood\\app\\build\\intermediates\\exploded-aar\\com.android.support\\appcompat-v7\\23.1.1\\res\\values-tl\\values-tl.xml",
                    "position": {
                        "startLine": 6,
                        "startColumn": 4,
                        "startOffset": 456,
                        "endColumn": 122,
                        "endOffset": 574
                    }
                }
            },
            {
                "to": {
                    "startLine": 5,
                    "startColumn": 4,
                    "startOffset": 455,
                    "endColumn": 107,
                    "endOffset": 558
                },
                "from": {
                    "file": "C:\\Users\\shashami\\StudioProjects\\FeedFood\\app\\build\\intermediates\\exploded-aar\\com.android.support\\appcompat-v7\\23.1.1\\res\\values-tl\\values-tl.xml",
                    "position": {
                        "startLine": 7,
                        "startColumn": 4,
                        "startOffset": 579,
                        "endColumn": 107,
                        "endOffset": 682
                    }
                }
            },
            {
                "to": {
                    "startLine": 6,
                    "startColumn": 4,
                    "startOffset": 563,
                    "endColumn": 116,
                    "endOffset": 675
                },
                "from": {
                    "file": "C:\\Users\\shashami\\StudioProjects\\FeedFood\\app\\build\\intermediates\\exploded-aar\\com.android.support\\appcompat-v7\\23.1.1\\res\\values-tl\\values-tl.xml",
                    "position": {
                        "startLine": 8,
                        "startColumn": 4,
                        "startOffset": 687,
                        "endColumn": 116,
                        "endOffset": 799
                    }
                }
            },
            {
                "to": {
                    "startLine": 7,
                    "startColumn": 4,
                    "startOffset": 680,
                    "endColumn": 87,
                    "endOffset": 763
                },
                "from": {
                    "file": "C:\\Users\\shashami\\StudioProjects\\FeedFood\\app\\build\\intermediates\\exploded-aar\\com.android.support\\appcompat-v7\\23.1.1\\res\\values-tl\\values-tl.xml",
                    "position": {
                        "startLine": 9,
                        "startColumn": 4,
                        "startOffset": 804,
                        "endColumn": 87,
                        "endOffset": 887
                    }
                }
            },
            {
                "to": {
                    "startLine": 8,
                    "startColumn": 4,
                    "startOffset": 768,
                    "endColumn": 105,
                    "endOffset": 869
                },
                "from": {
                    "file": "C:\\Users\\shashami\\StudioProjects\\FeedFood\\app\\build\\intermediates\\exploded-aar\\com.android.support\\appcompat-v7\\23.1.1\\res\\values-tl\\values-tl.xml",
                    "position": {
                        "startLine": 10,
                        "startColumn": 4,
                        "startOffset": 892,
                        "endColumn": 105,
                        "endOffset": 993
                    }
                }
            },
            {
                "to": {
                    "startLine": 9,
                    "startColumn": 4,
                    "startOffset": 874,
                    "endColumn": 120,
                    "endOffset": 990
                },
                "from": {
                    "file": "C:\\Users\\shashami\\StudioProjects\\FeedFood\\app\\build\\intermediates\\exploded-aar\\com.android.support\\appcompat-v7\\23.1.1\\res\\values-tl\\values-tl.xml",
                    "position": {
                        "startLine": 11,
                        "startColumn": 4,
                        "startOffset": 998,
                        "endColumn": 120,
                        "endOffset": 1114
                    }
                }
            },
            {
                "to": {
                    "startLine": 10,
                    "startColumn": 4,
                    "startOffset": 995,
                    "endColumn": 78,
                    "endOffset": 1069
                },
                "from": {
                    "file": "C:\\Users\\shashami\\StudioProjects\\FeedFood\\app\\build\\intermediates\\exploded-aar\\com.android.support\\appcompat-v7\\23.1.1\\res\\values-tl\\values-tl.xml",
                    "position": {
                        "startLine": 12,
                        "startColumn": 4,
                        "startOffset": 1119,
                        "endColumn": 78,
                        "endOffset": 1193
                    }
                }
            },
            {
                "to": {
                    "startLine": 11,
                    "startColumn": 4,
                    "startOffset": 1074,
                    "endColumn": 77,
                    "endOffset": 1147
                },
                "from": {
                    "file": "C:\\Users\\shashami\\StudioProjects\\FeedFood\\app\\build\\intermediates\\exploded-aar\\com.android.support\\appcompat-v7\\23.1.1\\res\\values-tl\\values-tl.xml",
                    "position": {
                        "startLine": 13,
                        "startColumn": 4,
                        "startOffset": 1198,
                        "endColumn": 77,
                        "endOffset": 1271
                    }
                }
            },
            {
                "to": {
                    "startLine": 12,
                    "startColumn": 4,
                    "startOffset": 1152,
                    "endColumn": 83,
                    "endOffset": 1231
                },
                "from": {
                    "file": "C:\\Users\\shashami\\StudioProjects\\FeedFood\\app\\build\\intermediates\\exploded-aar\\com.android.support\\appcompat-v7\\23.1.1\\res\\values-tl\\values-tl.xml",
                    "position": {
                        "startLine": 14,
                        "startColumn": 4,
                        "startOffset": 1276,
                        "endColumn": 83,
                        "endOffset": 1355
                    }
                }
            },
            {
                "to": {
                    "startLine": 13,
                    "startColumn": 4,
                    "startOffset": 1236,
                    "endColumn": 108,
                    "endOffset": 1340
                },
                "from": {
                    "file": "C:\\Users\\shashami\\StudioProjects\\FeedFood\\app\\build\\intermediates\\exploded-aar\\com.android.support\\appcompat-v7\\23.1.1\\res\\values-tl\\values-tl.xml",
                    "position": {
                        "startLine": 15,
                        "startColumn": 4,
                        "startOffset": 1360,
                        "endColumn": 108,
                        "endOffset": 1464
                    }
                }
            },
            {
                "to": {
                    "startLine": 14,
                    "startColumn": 4,
                    "startOffset": 1345,
                    "endColumn": 110,
                    "endOffset": 1451
                },
                "from": {
                    "file": "C:\\Users\\shashami\\StudioProjects\\FeedFood\\app\\build\\intermediates\\exploded-aar\\com.android.support\\appcompat-v7\\23.1.1\\res\\values-tl\\values-tl.xml",
                    "position": {
                        "startLine": 16,
                        "startColumn": 4,
                        "startOffset": 1469,
                        "endColumn": 110,
                        "endOffset": 1575
                    }
                }
            },
            {
                "to": {
                    "startLine": 15,
                    "startColumn": 4,
                    "startOffset": 1456,
                    "endColumn": 100,
                    "endOffset": 1552
                },
                "from": {
                    "file": "C:\\Users\\shashami\\StudioProjects\\FeedFood\\app\\build\\intermediates\\exploded-aar\\com.android.support\\appcompat-v7\\23.1.1\\res\\values-tl\\values-tl.xml",
                    "position": {
                        "startLine": 17,
                        "startColumn": 4,
                        "startOffset": 1580,
                        "endColumn": 100,
                        "endOffset": 1676
                    }
                }
            },
            {
                "to": {
                    "startLine": 16,
                    "startColumn": 4,
                    "startOffset": 1557,
                    "endColumn": 109,
                    "endOffset": 1662
                },
                "from": {
                    "file": "C:\\Users\\shashami\\StudioProjects\\FeedFood\\app\\build\\intermediates\\exploded-aar\\com.android.support\\appcompat-v7\\23.1.1\\res\\values-tl\\values-tl.xml",
                    "position": {
                        "startLine": 18,
                        "startColumn": 4,
                        "startOffset": 1681,
                        "endColumn": 109,
                        "endOffset": 1786
                    }
                }
            },
            {
                "to": {
                    "startLine": 17,
                    "startColumn": 4,
                    "startOffset": 1667,
                    "endColumn": 116,
                    "endOffset": 1779
                },
                "from": {
                    "file": "C:\\Users\\shashami\\StudioProjects\\FeedFood\\app\\build\\intermediates\\exploded-aar\\com.android.support\\appcompat-v7\\23.1.1\\res\\values-tl\\values-tl.xml",
                    "position": {
                        "startLine": 19,
                        "startColumn": 4,
                        "startOffset": 1791,
                        "endColumn": 116,
                        "endOffset": 1903
                    }
                }
            },
            {
                "to": {
                    "startLine": 18,
                    "startColumn": 4,
                    "startOffset": 1784,
                    "endColumn": 107,
                    "endOffset": 1887
                },
                "from": {
                    "file": "C:\\Users\\shashami\\StudioProjects\\FeedFood\\app\\build\\intermediates\\exploded-aar\\com.android.support\\appcompat-v7\\23.1.1\\res\\values-tl\\values-tl.xml",
                    "position": {
                        "startLine": 20,
                        "startColumn": 4,
                        "startOffset": 1908,
                        "endColumn": 107,
                        "endOffset": 2011
                    }
                }
            },
            {
                "to": {
                    "startLine": 19,
                    "startColumn": 4,
                    "startOffset": 1892,
                    "endColumn": 122,
                    "endOffset": 2010
                },
                "from": {
                    "file": "C:\\Users\\shashami\\StudioProjects\\FeedFood\\app\\build\\intermediates\\exploded-aar\\com.android.support\\appcompat-v7\\23.1.1\\res\\values-tl\\values-tl.xml",
                    "position": {
                        "startLine": 21,
                        "startColumn": 4,
                        "startOffset": 2016,
                        "endColumn": 122,
                        "endOffset": 2134
                    }
                }
            },
            {
                "to": {
                    "startLine": 20,
                    "startColumn": 4,
                    "startOffset": 2015,
                    "endColumn": 101,
                    "endOffset": 2112
                },
                "from": {
                    "file": "C:\\Users\\shashami\\StudioProjects\\FeedFood\\app\\build\\intermediates\\exploded-aar\\com.android.support\\appcompat-v7\\23.1.1\\res\\values-tl\\values-tl.xml",
                    "position": {
                        "startLine": 22,
                        "startColumn": 4,
                        "startOffset": 2139,
                        "endColumn": 101,
                        "endOffset": 2236
                    }
                }
            },
            {
                "to": {
                    "startLine": 21,
                    "startColumn": 4,
                    "startOffset": 2117,
                    "endColumn": 290,
                    "endOffset": 2403
                },
                "from": {
                    "file": "C:\\Users\\shashami\\StudioProjects\\FeedFood\\app\\build\\intermediates\\exploded-aar\\com.google.android.gms\\play-services-base\\8.4.0\\res\\values-tl\\base_strings.xml",
                    "position": {
                        "startLine": 24,
                        "startColumn": 4,
                        "startOffset": 3711,
                        "endColumn": 294,
                        "endOffset": 4001
                    }
                }
            },
            {
                "to": {
                    "startLine": 22,
                    "startColumn": 4,
                    "startOffset": 2408,
                    "endColumn": 140,
                    "endOffset": 2544
                },
                "from": {
                    "file": "C:\\Users\\shashami\\StudioProjects\\FeedFood\\app\\build\\intermediates\\exploded-aar\\com.google.android.gms\\play-services-base\\8.4.0\\res\\values-tl\\base_strings.xml",
                    "position": {
                        "startLine": 10,
                        "startColumn": 4,
                        "startOffset": 1399,
                        "endColumn": 140,
                        "endOffset": 1535
                    }
                }
            },
            {
                "to": {
                    "startLine": 23,
                    "startColumn": 4,
                    "startOffset": 2549,
                    "endColumn": 207,
                    "endOffset": 2752
                },
                "from": {
                    "file": "C:\\Users\\shashami\\StudioProjects\\FeedFood\\app\\build\\intermediates\\exploded-aar\\com.google.android.gms\\play-services-base\\8.4.0\\res\\values-tl\\base_strings.xml",
                    "position": {
                        "startLine": 9,
                        "startColumn": 4,
                        "startOffset": 1187,
                        "endColumn": 211,
                        "endOffset": 1394
                    }
                }
            },
            {
                "to": {
                    "startLine": 24,
                    "startColumn": 4,
                    "startOffset": 2757,
                    "endColumn": 139,
                    "endOffset": 2892
                },
                "from": {
                    "file": "C:\\Users\\shashami\\StudioProjects\\FeedFood\\app\\build\\intermediates\\exploded-aar\\com.google.android.gms\\play-services-base\\8.4.0\\res\\values-tl\\base_strings.xml",
                    "position": {
                        "startLine": 8,
                        "startColumn": 4,
                        "startOffset": 1047,
                        "endColumn": 139,
                        "endOffset": 1182
                    }
                }
            },
            {
                "to": {
                    "startLine": 25,
                    "startColumn": 4,
                    "startOffset": 2897,
                    "endColumn": 138,
                    "endOffset": 3031
                },
                "from": {
                    "file": "C:\\Users\\shashami\\StudioProjects\\FeedFood\\app\\build\\intermediates\\exploded-aar\\com.google.android.gms\\play-services-base\\8.4.0\\res\\values-tl\\base_strings.xml",
                    "position": {
                        "startLine": 7,
                        "startColumn": 4,
                        "startOffset": 908,
                        "endColumn": 138,
                        "endOffset": 1042
                    }
                }
            },
            {
                "to": {
                    "startLine": 26,
                    "startColumn": 4,
                    "startOffset": 3036,
                    "endColumn": 224,
                    "endOffset": 3256
                },
                "from": {
                    "file": "C:\\Users\\shashami\\StudioProjects\\FeedFood\\app\\build\\intermediates\\exploded-aar\\com.google.android.gms\\play-services-base\\8.4.0\\res\\values-tl\\base_strings.xml",
                    "position": {
                        "startLine": 5,
                        "startColumn": 4,
                        "startOffset": 451,
                        "endColumn": 228,
                        "endOffset": 675
                    }
                }
            },
            {
                "to": {
                    "startLine": 27,
                    "startColumn": 4,
                    "startOffset": 3261,
                    "endColumn": 223,
                    "endOffset": 3480
                },
                "from": {
                    "file": "C:\\Users\\shashami\\StudioProjects\\FeedFood\\app\\build\\intermediates\\exploded-aar\\com.google.android.gms\\play-services-base\\8.4.0\\res\\values-tl\\base_strings.xml",
                    "position": {
                        "startLine": 6,
                        "startColumn": 4,
                        "startOffset": 680,
                        "endColumn": 227,
                        "endOffset": 903
                    }
                }
            },
            {
                "to": {
                    "startLine": 28,
                    "startColumn": 4,
                    "startOffset": 3485,
                    "endColumn": 137,
                    "endOffset": 3618
                },
                "from": {
                    "file": "C:\\Users\\shashami\\StudioProjects\\FeedFood\\app\\build\\intermediates\\exploded-aar\\com.google.android.gms\\play-services-base\\8.4.0\\res\\values-tl\\base_strings.xml",
                    "position": {
                        "startLine": 4,
                        "startColumn": 4,
                        "startOffset": 313,
                        "endColumn": 137,
                        "endOffset": 446
                    }
                }
            },
            {
                "to": {
                    "startLine": 29,
                    "startColumn": 4,
                    "startOffset": 3623,
                    "endColumn": 197,
                    "endOffset": 3816
                },
                "from": {
                    "file": "C:\\Users\\shashami\\StudioProjects\\FeedFood\\app\\build\\intermediates\\exploded-aar\\com.google.android.gms\\play-services-base\\8.4.0\\res\\values-tl\\base_strings.xml",
                    "position": {
                        "startLine": 19,
                        "startColumn": 4,
                        "startOffset": 2899,
                        "endColumn": 197,
                        "endOffset": 3092
                    }
                }
            },
            {
                "to": {
                    "startLine": 30,
                    "startColumn": 4,
                    "startOffset": 3821,
                    "endColumn": 123,
                    "endOffset": 3940
                },
                "from": {
                    "file": "C:\\Users\\shashami\\StudioProjects\\FeedFood\\app\\build\\intermediates\\exploded-aar\\com.google.android.gms\\play-services-base\\8.4.0\\res\\values-tl\\base_strings.xml",
                    "position": {
                        "startLine": 18,
                        "startColumn": 4,
                        "startOffset": 2775,
                        "endColumn": 123,
                        "endOffset": 2894
                    }
                }
            },
            {
                "to": {
                    "startLine": 31,
                    "startColumn": 4,
                    "startOffset": 3945,
                    "endColumn": 185,
                    "endOffset": 4126
                },
                "from": {
                    "file": "C:\\Users\\shashami\\StudioProjects\\FeedFood\\app\\build\\intermediates\\exploded-aar\\com.google.android.gms\\play-services-base\\8.4.0\\res\\values-tl\\base_strings.xml",
                    "position": {
                        "startLine": 17,
                        "startColumn": 4,
                        "startOffset": 2589,
                        "endColumn": 185,
                        "endOffset": 2770
                    }
                }
            },
            {
                "to": {
                    "startLine": 32,
                    "startColumn": 4,
                    "startOffset": 4131,
                    "endColumn": 122,
                    "endOffset": 4249
                },
                "from": {
                    "file": "C:\\Users\\shashami\\StudioProjects\\FeedFood\\app\\build\\intermediates\\exploded-aar\\com.google.android.gms\\play-services-base\\8.4.0\\res\\values-tl\\base_strings.xml",
                    "position": {
                        "startLine": 16,
                        "startColumn": 4,
                        "startOffset": 2466,
                        "endColumn": 122,
                        "endOffset": 2584
                    }
                }
            },
            {
                "to": {
                    "startLine": 33,
                    "startColumn": 4,
                    "startOffset": 4254,
                    "endColumn": 142,
                    "endOffset": 4392
                },
                "from": {
                    "file": "C:\\Users\\shashami\\StudioProjects\\FeedFood\\app\\build\\intermediates\\exploded-aar\\com.google.android.gms\\play-services-base\\8.4.0\\res\\values-tl\\base_strings.xml",
                    "position": {
                        "startLine": 3,
                        "startColumn": 4,
                        "startOffset": 170,
                        "endColumn": 142,
                        "endOffset": 308
                    }
                }
            },
            {
                "to": {
                    "startLine": 34,
                    "startColumn": 4,
                    "startOffset": 4397,
                    "endColumn": 202,
                    "endOffset": 4595
                },
                "from": {
                    "file": "C:\\Users\\shashami\\StudioProjects\\FeedFood\\app\\build\\intermediates\\exploded-aar\\com.google.android.gms\\play-services-base\\8.4.0\\res\\values-tl\\base_strings.xml",
                    "position": {
                        "startLine": 28,
                        "startColumn": 4,
                        "startOffset": 4470,
                        "endColumn": 202,
                        "endOffset": 4668
                    }
                }
            },
            {
                "to": {
                    "startLine": 35,
                    "startColumn": 4,
                    "startOffset": 4600,
                    "endColumn": 135,
                    "endOffset": 4731
                },
                "from": {
                    "file": "C:\\Users\\shashami\\StudioProjects\\FeedFood\\app\\build\\intermediates\\exploded-aar\\com.google.android.gms\\play-services-base\\8.4.0\\res\\values-tl\\base_strings.xml",
                    "position": {
                        "startLine": 27,
                        "startColumn": 4,
                        "startOffset": 4334,
                        "endColumn": 135,
                        "endOffset": 4465
                    }
                }
            },
            {
                "to": {
                    "startLine": 36,
                    "startColumn": 4,
                    "startOffset": 4736,
                    "endColumn": 198,
                    "endOffset": 4930
                },
                "from": {
                    "file": "C:\\Users\\shashami\\StudioProjects\\FeedFood\\app\\build\\intermediates\\exploded-aar\\com.google.android.gms\\play-services-base\\8.4.0\\res\\values-tl\\base_strings.xml",
                    "position": {
                        "startLine": 26,
                        "startColumn": 4,
                        "startOffset": 4135,
                        "endColumn": 198,
                        "endOffset": 4329
                    }
                }
            },
            {
                "to": {
                    "startLine": 37,
                    "startColumn": 4,
                    "startOffset": 4935,
                    "endColumn": 128,
                    "endOffset": 5059
                },
                "from": {
                    "file": "C:\\Users\\shashami\\StudioProjects\\FeedFood\\app\\build\\intermediates\\exploded-aar\\com.google.android.gms\\play-services-base\\8.4.0\\res\\values-tl\\base_strings.xml",
                    "position": {
                        "startLine": 25,
                        "startColumn": 4,
                        "startOffset": 4006,
                        "endColumn": 128,
                        "endOffset": 4130
                    }
                }
            },
            {
                "to": {
                    "startLine": 38,
                    "startColumn": 4,
                    "startOffset": 5064,
                    "endColumn": 281,
                    "endOffset": 5341
                },
                "from": {
                    "file": "C:\\Users\\shashami\\StudioProjects\\FeedFood\\app\\build\\intermediates\\exploded-aar\\com.google.android.gms\\play-services-basement\\8.4.0\\res\\values-tl\\common_strings.xml",
                    "position": {
                        "startLine": 3,
                        "startColumn": 4,
                        "startOffset": 170,
                        "endColumn": 285,
                        "endOffset": 451
                    }
                }
            },
            {
                "to": {
                    "startLine": 39,
                    "startColumn": 4,
                    "startOffset": 5346,
                    "endColumn": 272,
                    "endOffset": 5614
                },
                "from": {
                    "file": "C:\\Users\\shashami\\StudioProjects\\FeedFood\\app\\build\\intermediates\\exploded-aar\\com.google.android.gms\\play-services-base\\8.4.0\\res\\values-tl\\base_strings.xml",
                    "position": {
                        "startLine": 21,
                        "startColumn": 4,
                        "startOffset": 3228,
                        "endColumn": 276,
                        "endOffset": 3500
                    }
                }
            },
            {
                "to": {
                    "startLine": 40,
                    "startColumn": 4,
                    "startOffset": 5619,
                    "endColumn": 130,
                    "endOffset": 5745
                },
                "from": {
                    "file": "C:\\Users\\shashami\\StudioProjects\\FeedFood\\app\\build\\intermediates\\exploded-aar\\com.google.android.gms\\play-services-base\\8.4.0\\res\\values-tl\\base_strings.xml",
                    "position": {
                        "startLine": 20,
                        "startColumn": 4,
                        "startOffset": 3097,
                        "endColumn": 130,
                        "endOffset": 3223
                    }
                }
            },
            {
                "to": {
                    "startLine": 41,
                    "startColumn": 4,
                    "startOffset": 5750,
                    "endColumn": 108,
                    "endOffset": 5854
                },
                "from": {
                    "file": "C:\\Users\\shashami\\StudioProjects\\FeedFood\\app\\build\\intermediates\\exploded-aar\\com.google.android.gms\\play-services-base\\8.4.0\\res\\values-tl\\base_strings.xml",
                    "position": {
                        "startLine": 22,
                        "startColumn": 4,
                        "startOffset": 3505,
                        "endColumn": 108,
                        "endOffset": 3609
                    }
                }
            },
            {
                "to": {
                    "startLine": 42,
                    "startColumn": 4,
                    "startOffset": 5859,
                    "endColumn": 207,
                    "endOffset": 6062
                },
                "from": {
                    "file": "C:\\Users\\shashami\\StudioProjects\\FeedFood\\app\\build\\intermediates\\exploded-aar\\com.google.android.gms\\play-services-base\\8.4.0\\res\\values-tl\\base_strings.xml",
                    "position": {
                        "startLine": 12,
                        "startColumn": 4,
                        "startOffset": 1680,
                        "endColumn": 211,
                        "endOffset": 1887
                    }
                }
            },
            {
                "to": {
                    "startLine": 43,
                    "startColumn": 4,
                    "startOffset": 6067,
                    "endColumn": 139,
                    "endOffset": 6202
                },
                "from": {
                    "file": "C:\\Users\\shashami\\StudioProjects\\FeedFood\\app\\build\\intermediates\\exploded-aar\\com.google.android.gms\\play-services-base\\8.4.0\\res\\values-tl\\base_strings.xml",
                    "position": {
                        "startLine": 11,
                        "startColumn": 4,
                        "startOffset": 1540,
                        "endColumn": 139,
                        "endOffset": 1675
                    }
                }
            },
            {
                "to": {
                    "startLine": 44,
                    "startColumn": 4,
                    "startOffset": 6207,
                    "endColumn": 220,
                    "endOffset": 6423
                },
                "from": {
                    "file": "C:\\Users\\shashami\\StudioProjects\\FeedFood\\app\\build\\intermediates\\exploded-aar\\com.google.android.gms\\play-services-base\\8.4.0\\res\\values-tl\\base_strings.xml",
                    "position": {
                        "startLine": 15,
                        "startColumn": 4,
                        "startOffset": 2241,
                        "endColumn": 224,
                        "endOffset": 2461
                    }
                }
            },
            {
                "to": {
                    "startLine": 45,
                    "startColumn": 4,
                    "startOffset": 6428,
                    "endColumn": 139,
                    "endOffset": 6563
                },
                "from": {
                    "file": "C:\\Users\\shashami\\StudioProjects\\FeedFood\\app\\build\\intermediates\\exploded-aar\\com.google.android.gms\\play-services-base\\8.4.0\\res\\values-tl\\base_strings.xml",
                    "position": {
                        "startLine": 14,
                        "startColumn": 4,
                        "startOffset": 2101,
                        "endColumn": 139,
                        "endOffset": 2236
                    }
                }
            },
            {
                "to": {
                    "startLine": 46,
                    "startColumn": 4,
                    "startOffset": 6568,
                    "endColumn": 208,
                    "endOffset": 6772
                },
                "from": {
                    "file": "C:\\Users\\shashami\\StudioProjects\\FeedFood\\app\\build\\intermediates\\exploded-aar\\com.google.android.gms\\play-services-base\\8.4.0\\res\\values-tl\\base_strings.xml",
                    "position": {
                        "startLine": 13,
                        "startColumn": 4,
                        "startOffset": 1892,
                        "endColumn": 208,
                        "endOffset": 2096
                    }
                }
            },
            {
                "to": {
                    "startLine": 47,
                    "startColumn": 4,
                    "startOffset": 6777,
                    "endColumn": 96,
                    "endOffset": 6869
                },
                "from": {
                    "file": "C:\\Users\\shashami\\StudioProjects\\FeedFood\\app\\build\\intermediates\\exploded-aar\\com.google.android.gms\\play-services-base\\8.4.0\\res\\values-tl\\base_strings.xml",
                    "position": {
                        "startLine": 23,
                        "startColumn": 4,
                        "startOffset": 3614,
                        "endColumn": 96,
                        "endOffset": 3706
                    }
                }
            },
            {
                "to": {
                    "startLine": 48,
                    "startColumn": 4,
                    "startOffset": 6874,
                    "endColumn": 95,
                    "endOffset": 6965
                },
                "from": {
                    "file": "C:\\Users\\shashami\\StudioProjects\\FeedFood\\app\\build\\intermediates\\exploded-aar\\com.google.android.gms\\play-services-base\\8.4.0\\res\\values-tl\\base_strings.xml",
                    "position": {
                        "startLine": 29,
                        "startColumn": 4,
                        "startOffset": 4673,
                        "endColumn": 95,
                        "endOffset": 4764
                    }
                }
            },
            {
                "to": {
                    "startLine": 49,
                    "startColumn": 4,
                    "startOffset": 6970,
                    "endColumn": 110,
                    "endOffset": 7076
                },
                "from": {
                    "file": "C:\\Users\\shashami\\StudioProjects\\FeedFood\\app\\build\\intermediates\\exploded-aar\\com.google.android.gms\\play-services-base\\8.4.0\\res\\values-tl\\base_strings.xml",
                    "position": {
                        "startLine": 30,
                        "startColumn": 4,
                        "startOffset": 4769,
                        "endColumn": 110,
                        "endOffset": 4875
                    }
                }
            },
            {
                "to": {
                    "startLine": 50,
                    "startColumn": 4,
                    "startOffset": 7081,
                    "endColumn": 106,
                    "endOffset": 7183
                },
                "from": {
                    "file": "C:\\Users\\shashami\\StudioProjects\\FeedFood\\app\\build\\intermediates\\exploded-aar\\com.android.support\\mediarouter-v7\\23.0.0\\res\\values-tl\\values-tl.xml",
                    "position": {
                        "startLine": 4,
                        "startColumn": 4,
                        "startOffset": 278,
                        "endColumn": 106,
                        "endOffset": 380
                    }
                }
            },
            {
                "to": {
                    "startLine": 51,
                    "startColumn": 4,
                    "startOffset": 7188,
                    "endColumn": 116,
                    "endOffset": 7300
                },
                "from": {
                    "file": "C:\\Users\\shashami\\StudioProjects\\FeedFood\\app\\build\\intermediates\\exploded-aar\\com.android.support\\mediarouter-v7\\23.0.0\\res\\values-tl\\values-tl.xml",
                    "position": {
                        "startLine": 5,
                        "startColumn": 4,
                        "startOffset": 385,
                        "endColumn": 116,
                        "endOffset": 497
                    }
                }
            },
            {
                "to": {
                    "startLine": 52,
                    "startColumn": 4,
                    "startOffset": 7305,
                    "endColumn": 106,
                    "endOffset": 7407
                },
                "from": {
                    "file": "C:\\Users\\shashami\\StudioProjects\\FeedFood\\app\\build\\intermediates\\exploded-aar\\com.android.support\\mediarouter-v7\\23.0.0\\res\\values-tl\\values-tl.xml",
                    "position": {
                        "startLine": 6,
                        "startColumn": 4,
                        "startOffset": 502,
                        "endColumn": 106,
                        "endOffset": 604
                    }
                }
            },
            {
                "to": {
                    "startLine": 53,
                    "startColumn": 4,
                    "startOffset": 7412,
                    "endColumn": 105,
                    "endOffset": 7513
                },
                "from": {
                    "file": "C:\\Users\\shashami\\StudioProjects\\FeedFood\\app\\build\\intermediates\\exploded-aar\\com.android.support\\mediarouter-v7\\23.0.0\\res\\values-tl\\values-tl.xml",
                    "position": {
                        "startLine": 7,
                        "startColumn": 4,
                        "startOffset": 609,
                        "endColumn": 105,
                        "endOffset": 710
                    }
                }
            },
            {
                "to": {
                    "startLine": 54,
                    "startColumn": 4,
                    "startOffset": 7518,
                    "endColumn": 133,
                    "endOffset": 7647
                },
                "from": {
                    "file": "C:\\Users\\shashami\\StudioProjects\\FeedFood\\app\\build\\intermediates\\exploded-aar\\com.android.support\\mediarouter-v7\\23.0.0\\res\\values-tl\\values-tl.xml",
                    "position": {
                        "startLine": 8,
                        "startColumn": 4,
                        "startOffset": 715,
                        "endColumn": 133,
                        "endOffset": 844
                    }
                }
            },
            {
                "to": {
                    "startLine": 55,
                    "startColumn": 4,
                    "startOffset": 7652,
                    "endColumn": 97,
                    "endOffset": 7745
                },
                "from": {
                    "file": "C:\\Users\\shashami\\StudioProjects\\FeedFood\\app\\build\\intermediates\\exploded-aar\\com.android.support\\mediarouter-v7\\23.0.0\\res\\values-tl\\values-tl.xml",
                    "position": {
                        "startLine": 9,
                        "startColumn": 4,
                        "startOffset": 849,
                        "endColumn": 97,
                        "endOffset": 942
                    }
                }
            },
            {
                "to": {
                    "startLine": 56,
                    "startColumn": 4,
                    "startOffset": 7750,
                    "endColumn": 95,
                    "endOffset": 7841
                },
                "from": {
                    "file": "C:\\Users\\shashami\\StudioProjects\\FeedFood\\app\\build\\intermediates\\exploded-aar\\com.android.support\\mediarouter-v7\\23.0.0\\res\\values-tl\\values-tl.xml",
                    "position": {
                        "startLine": 10,
                        "startColumn": 4,
                        "startOffset": 947,
                        "endColumn": 95,
                        "endOffset": 1038
                    }
                }
            },
            {
                "to": {
                    "startLine": 57,
                    "startColumn": 4,
                    "startOffset": 7846,
                    "endColumn": 123,
                    "endOffset": 7965
                },
                "from": {
                    "file": "C:\\Users\\shashami\\StudioProjects\\FeedFood\\app\\build\\intermediates\\exploded-aar\\com.android.support\\mediarouter-v7\\23.0.0\\res\\values-tl\\values-tl.xml",
                    "position": {
                        "startLine": 11,
                        "startColumn": 4,
                        "startOffset": 1043,
                        "endColumn": 123,
                        "endOffset": 1162
                    }
                }
            },
            {
                "to": {
                    "startLine": 58,
                    "startColumn": 4,
                    "startOffset": 7970,
                    "endColumn": 110,
                    "endOffset": 8076
                },
                "from": {
                    "file": "C:\\Users\\shashami\\StudioProjects\\FeedFood\\app\\build\\intermediates\\exploded-aar\\com.android.support\\mediarouter-v7\\23.0.0\\res\\values-tl\\values-tl.xml",
                    "position": {
                        "startLine": 12,
                        "startColumn": 4,
                        "startOffset": 1167,
                        "endColumn": 110,
                        "endOffset": 1273
                    }
                }
            },
            {
                "to": {
                    "startLine": 59,
                    "startColumn": 4,
                    "startOffset": 8081,
                    "endColumn": 85,
                    "endOffset": 8162
                },
                "from": {
                    "file": "C:\\Users\\shashami\\StudioProjects\\FeedFood\\app\\build\\intermediates\\exploded-aar\\com.android.support\\mediarouter-v7\\23.0.0\\res\\values-tl\\values-tl.xml",
                    "position": {
                        "startLine": 13,
                        "startColumn": 4,
                        "startOffset": 1278,
                        "endColumn": 85,
                        "endOffset": 1359
                    }
                }
            },
            {
                "to": {
                    "startLine": 60,
                    "startColumn": 4,
                    "startOffset": 8167,
                    "endColumn": 96,
                    "endOffset": 8259
                },
                "from": {
                    "file": "C:\\Users\\shashami\\StudioProjects\\FeedFood\\app\\build\\intermediates\\exploded-aar\\com.android.support\\mediarouter-v7\\23.0.0\\res\\values-tl\\values-tl.xml",
                    "position": {
                        "startLine": 14,
                        "startColumn": 4,
                        "startOffset": 1364,
                        "endColumn": 96,
                        "endOffset": 1456
                    }
                }
            },
            {
                "to": {
                    "startLine": 61,
                    "startColumn": 4,
                    "startOffset": 8264,
                    "endColumn": 112,
                    "endOffset": 8372
                },
                "from": {
                    "file": "C:\\Users\\shashami\\StudioProjects\\FeedFood\\app\\build\\intermediates\\exploded-aar\\com.google.android.gms\\play-services-location\\8.4.0\\res\\values-tl\\location_strings.xml",
                    "position": {
                        "startLine": 6,
                        "startColumn": 4,
                        "startOffset": 328,
                        "endColumn": 112,
                        "endOffset": 436
                    }
                }
            },
            {
                "to": {
                    "startLine": 62,
                    "startColumn": 4,
                    "startOffset": 8377,
                    "endColumn": 97,
                    "endOffset": 8470
                },
                "from": {
                    "file": "C:\\Users\\shashami\\StudioProjects\\FeedFood\\app\\build\\intermediates\\exploded-aar\\com.google.android.gms\\play-services-location\\8.4.0\\res\\values-tl\\location_strings.xml",
                    "position": {
                        "startLine": 5,
                        "startColumn": 4,
                        "startOffset": 230,
                        "endColumn": 97,
                        "endOffset": 323
                    }
                }
            },
            {
                "to": {
                    "startLine": 63,
                    "startColumn": 4,
                    "startOffset": 8475,
                    "endColumn": 100,
                    "endOffset": 8571
                },
                "from": {
                    "file": "C:\\Users\\shashami\\StudioProjects\\FeedFood\\app\\build\\intermediates\\exploded-aar\\com.android.support\\appcompat-v7\\23.1.1\\res\\values-tl\\values-tl.xml",
                    "position": {
                        "startLine": 23,
                        "startColumn": 4,
                        "startOffset": 2241,
                        "endColumn": 100,
                        "endOffset": 2337
                    }
                }
            },
            {
                "to": {
                    "startLine": 64,
                    "startColumn": 4,
                    "startOffset": 8576,
                    "endColumn": 112,
                    "endOffset": 8684
                },
                "from": {
                    "file": "C:\\Users\\shashami\\StudioProjects\\FeedFood\\app\\build\\intermediates\\exploded-aar\\com.google.android.gms\\play-services-wallet\\8.4.0\\res\\values-tl\\wallet_strings.xml",
                    "position": {
                        "startLine": 5,
                        "startColumn": 4,
                        "startOffset": 230,
                        "endColumn": 112,
                        "endOffset": 338
                    }
                }
            }
        ]
    }
]