[
    {
        "outputFile": "C:\\Users\\shashami\\StudioProjects\\FeedFood\\app\\build\\intermediates\\res\\merged\\debug\\values-sw600dp-v13\\values-sw600dp-v13.xml",
        "map": [
            {
                "to": {
                    "startLine": 2,
                    "startColumn": 4,
                    "startOffset": 55,
                    "endColumn": 68,
                    "endOffset": 119
                },
                "from": {
                    "file": "C:\\Users\\shashami\\StudioProjects\\FeedFood\\app\\build\\intermediates\\exploded-aar\\com.android.support\\appcompat-v7\\23.1.1\\res\\values-sw600dp\\values-sw600dp.xml",
                    "position": {
                        "startLine": 4,
                        "startColumn": 4,
                        "startOffset": 233,
                        "endColumn": 68,
                        "endOffset": 297
                    }
                }
            },
            {
                "to": {
                    "startLine": 3,
                    "startColumn": 4,
                    "startOffset": 124,
                    "endColumn": 69,
                    "endOffset": 189
                },
                "from": {
                    "file": "C:\\Users\\shashami\\StudioProjects\\FeedFood\\app\\build\\intermediates\\exploded-aar\\com.android.support\\appcompat-v7\\23.1.1\\res\\values-sw600dp\\values-sw600dp.xml",
                    "position": {
                        "startLine": 5,
                        "startColumn": 4,
                        "startOffset": 302,
                        "endColumn": 69,
                        "endOffset": 367
                    }
                }
            },
            {
                "to": {
                    "startLine": 4,
                    "startColumn": 4,
                    "startOffset": 194,
                    "endColumn": 73,
                    "endOffset": 263
                },
                "from": {
                    "file": "C:\\Users\\shashami\\StudioProjects\\FeedFood\\app\\build\\intermediates\\exploded-aar\\com.android.support\\appcompat-v7\\23.1.1\\res\\values-sw600dp\\values-sw600dp.xml",
                    "position": {
                        "startLine": 6,
                        "startColumn": 4,
                        "startOffset": 372,
                        "endColumn": 73,
                        "endOffset": 441
                    }
                }
            },
            {
                "to": {
                    "startLine": 5,
                    "startColumn": 4,
                    "startOffset": 268,
                    "endColumn": 75,
                    "endOffset": 339
                },
                "from": {
                    "file": "C:\\Users\\shashami\\StudioProjects\\FeedFood\\app\\build\\intermediates\\exploded-aar\\com.android.support\\appcompat-v7\\23.1.1\\res\\values-sw600dp\\values-sw600dp.xml",
                    "position": {
                        "startLine": 7,
                        "startColumn": 4,
                        "startOffset": 446,
                        "endColumn": 75,
                        "endOffset": 517
                    }
                }
            },
            {
                "to": {
                    "startLine": 6,
                    "startColumn": 4,
                    "startOffset": 344,
                    "endColumn": 58,
                    "endOffset": 398
                },
                "from": {
                    "file": "C:\\Users\\shashami\\StudioProjects\\FeedFood\\app\\build\\intermediates\\exploded-aar\\com.android.support\\appcompat-v7\\23.1.1\\res\\values-sw600dp\\values-sw600dp.xml",
                    "position": {
                        "startLine": 10,
                        "startColumn": 4,
                        "startOffset": 700,
                        "endColumn": 58,
                        "endOffset": 754
                    }
                }
            },
            {
                "to": {
                    "startLine": 7,
                    "startColumn": 4,
                    "startOffset": 403,
                    "endColumn": 70,
                    "endOffset": 469
                },
                "from": {
                    "file": "C:\\Users\\shashami\\StudioProjects\\FeedFood\\app\\build\\intermediates\\exploded-aar\\com.android.support\\appcompat-v7\\23.1.1\\res\\values-sw600dp\\values-sw600dp.xml",
                    "position": {
                        "startLine": 13,
                        "startColumn": 4,
                        "startOffset": 937,
                        "endColumn": 70,
                        "endOffset": 1003
                    }
                }
            },
            {
                "to": {
                    "startLine": 8,
                    "startColumn": 4,
                    "startOffset": 474,
                    "endColumn": 67,
                    "endOffset": 537
                },
                "from": {
                    "file": "C:\\Users\\shashami\\StudioProjects\\FeedFood\\app\\build\\intermediates\\exploded-aar\\com.android.support\\appcompat-v7\\23.1.1\\res\\values-sw600dp\\values-sw600dp.xml",
                    "position": {
                        "startLine": 14,
                        "startColumn": 4,
                        "startOffset": 1008,
                        "endColumn": 67,
                        "endOffset": 1071
                    }
                }
            },
            {
                "to": {
                    "startLine": 9,
                    "startColumn": 4,
                    "startOffset": 542,
                    "endColumn": 69,
                    "endOffset": 607
                },
                "from": {
                    "file": "C:\\Users\\shashami\\StudioProjects\\FeedFood\\app\\build\\intermediates\\exploded-aar\\com.android.support\\design\\23.1.1\\res\\values-sw600dp\\values-sw600dp.xml",
                    "position": {
                        "startLine": 4,
                        "startColumn": 4,
                        "startOffset": 227,
                        "endColumn": 69,
                        "endOffset": 292
                    }
                }
            },
            {
                "to": {
                    "startLine": 10,
                    "startColumn": 4,
                    "startOffset": 612,
                    "endColumn": 70,
                    "endOffset": 678
                },
                "from": {
                    "file": "C:\\Users\\shashami\\StudioProjects\\FeedFood\\app\\build\\intermediates\\exploded-aar\\com.android.support\\design\\23.1.1\\res\\values-sw600dp\\values-sw600dp.xml",
                    "position": {
                        "startLine": 5,
                        "startColumn": 4,
                        "startOffset": 297,
                        "endColumn": 70,
                        "endOffset": 363
                    }
                }
            },
            {
                "to": {
                    "startLine": 11,
                    "startColumn": 4,
                    "startOffset": 683,
                    "endColumn": 71,
                    "endOffset": 750
                },
                "from": {
                    "file": "C:\\Users\\shashami\\StudioProjects\\FeedFood\\app\\build\\intermediates\\exploded-aar\\com.android.support\\design\\23.1.1\\res\\values-sw600dp\\values-sw600dp.xml",
                    "position": {
                        "startLine": 6,
                        "startColumn": 4,
                        "startOffset": 368,
                        "endColumn": 71,
                        "endOffset": 435
                    }
                }
            },
            {
                "to": {
                    "startLine": 12,
                    "startColumn": 4,
                    "startOffset": 755,
                    "endColumn": 57,
                    "endOffset": 808
                },
                "from": {
                    "file": "C:\\Users\\shashami\\StudioProjects\\FeedFood\\app\\build\\intermediates\\exploded-aar\\com.android.support\\design\\23.1.1\\res\\values-sw600dp\\values-sw600dp.xml",
                    "position": {
                        "startLine": 7,
                        "startColumn": 4,
                        "startOffset": 440,
                        "endColumn": 57,
                        "endOffset": 493
                    }
                }
            },
            {
                "to": {
                    "startLine": 13,
                    "startColumn": 4,
                    "startOffset": 813,
                    "endColumn": 57,
                    "endOffset": 866
                },
                "from": {
                    "file": "C:\\Users\\shashami\\StudioProjects\\FeedFood\\app\\build\\intermediates\\exploded-aar\\com.android.support\\design\\23.1.1\\res\\values-sw600dp\\values-sw600dp.xml",
                    "position": {
                        "startLine": 8,
                        "startColumn": 4,
                        "startOffset": 498,
                        "endColumn": 57,
                        "endOffset": 551
                    }
                }
            },
            {
                "to": {
                    "startLine": 14,
                    "startColumn": 4,
                    "startOffset": 871,
                    "endColumn": 105,
                    "endOffset": 972
                },
                "from": {
                    "file": "C:\\Users\\shashami\\StudioProjects\\FeedFood\\app\\build\\intermediates\\exploded-aar\\com.android.support\\design\\23.1.1\\res\\values-sw600dp\\values-sw600dp.xml",
                    "position": {
                        "startLine": 9,
                        "startColumn": 4,
                        "startOffset": 556,
                        "endColumn": 105,
                        "endOffset": 657
                    }
                }
            },
            {
                "to": {
                    "startLine": 15,
                    "startColumn": 4,
                    "startOffset": 977,
                    "endColumn": 63,
                    "endOffset": 1036
                },
                "from": {
                    "file": "C:\\Users\\shashami\\StudioProjects\\FeedFood\\app\\build\\intermediates\\exploded-aar\\com.android.support\\design\\23.1.1\\res\\values-sw600dp\\values-sw600dp.xml",
                    "position": {
                        "startLine": 10,
                        "startColumn": 4,
                        "startOffset": 662,
                        "endColumn": 63,
                        "endOffset": 721
                    }
                }
            },
            {
                "to": {
                    "startLine": 16,
                    "startColumn": 4,
                    "startOffset": 1041,
                    "endColumn": 72,
                    "endOffset": 1109
                },
                "from": {
                    "file": "C:\\Users\\shashami\\StudioProjects\\FeedFood\\app\\build\\intermediates\\exploded-aar\\com.android.support\\mediarouter-v7\\23.0.0\\res\\values-sw600dp\\values-sw600dp.xml",
                    "position": {
                        "startLine": 4,
                        "startColumn": 4,
                        "startOffset": 282,
                        "endColumn": 72,
                        "endOffset": 350
                    }
                }
            },
            {
                "to": {
                    "startLine": 17,
                    "startColumn": 4,
                    "startOffset": 1114,
                    "endColumn": 54,
                    "endOffset": 1164
                },
                "from": {
                    "file": "C:\\Users\\shashami\\StudioProjects\\FeedFood\\app\\build\\intermediates\\exploded-aar\\com.android.support\\appcompat-v7\\23.1.1\\res\\values-sw600dp\\values-sw600dp.xml",
                    "position": {
                        "startLine": 15,
                        "startColumn": 4,
                        "startOffset": 1076,
                        "endColumn": 54,
                        "endOffset": 1126
                    }
                }
            },
            {
                "to": {
                    "startLine": 18,
                    "startColumn": 4,
                    "startOffset": 1169,
                    "endColumn": 62,
                    "endOffset": 1227
                },
                "from": {
                    "file": "C:\\Users\\shashami\\StudioProjects\\FeedFood\\app\\build\\intermediates\\exploded-aar\\com.android.support\\design\\23.1.1\\res\\values-sw600dp\\values-sw600dp.xml",
                    "position": {
                        "startLine": 13,
                        "startColumn": 4,
                        "startOffset": 898,
                        "endColumn": 62,
                        "endOffset": 956
                    }
                }
            },
            {
                "to": {
                    "startLine": 19,
                    "startColumn": 4,
                    "startOffset": 1232,
                    "endLine": 22,
                    "endColumn": 12,
                    "endOffset": 1409
                },
                "from": {
                    "file": "C:\\Users\\shashami\\StudioProjects\\FeedFood\\app\\build\\intermediates\\exploded-aar\\com.android.support\\design\\23.1.1\\res\\values-sw600dp\\values-sw600dp.xml",
                    "position": {
                        "startLine": 16,
                        "startColumn": 4,
                        "startOffset": 1133,
                        "endLine": 19,
                        "endColumn": 12,
                        "endOffset": 1310
                    }
                }
            }
        ]
    }
]