[
    {
        "outputFile": "C:\\Users\\shashami\\StudioProjects\\FeedFood\\app\\build\\intermediates\\res\\merged\\debug\\values-w480dp-v13\\values-w480dp-v13.xml",
        "map": [
            {
                "to": {
                    "startLine": 2,
                    "startColumn": 4,
                    "startOffset": 55,
                    "endColumn": 61,
                    "endOffset": 112
                },
                "from": {
                    "file": "C:\\Users\\shashami\\StudioProjects\\FeedFood\\app\\build\\intermediates\\exploded-aar\\com.android.support\\appcompat-v7\\23.1.1\\res\\values-w480dp\\values-w480dp.xml",
                    "position": {
                        "startLine": 4,
                        "startColumn": 4,
                        "startOffset": 231,
                        "endColumn": 61,
                        "endOffset": 288
                    }
                }
            },
            {
                "to": {
                    "startLine": 3,
                    "startColumn": 4,
                    "startOffset": 117,
                    "endColumn": 71,
                    "endOffset": 184
                },
                "from": {
                    "file": "C:\\Users\\shashami\\StudioProjects\\FeedFood\\app\\build\\intermediates\\exploded-aar\\com.android.support\\appcompat-v7\\23.1.1\\res\\values-w480dp\\values-w480dp.xml",
                    "position": {
                        "startLine": 7,
                        "startColumn": 4,
                        "startOffset": 470,
                        "endColumn": 71,
                        "endOffset": 537
                    }
                }
            }
        ]
    }
]