[
    {
        "outputFile": "C:\\Users\\shashami\\StudioProjects\\FeedFood\\app\\build\\intermediates\\res\\merged\\debug\\values-v21\\values-v21.xml",
        "map": [
            {
                "to": {
                    "startLine": 2,
                    "startColumn": 4,
                    "startOffset": 55,
                    "endColumn": 68,
                    "endOffset": 119
                },
                "from": {
                    "file": "C:\\Users\\shashami\\StudioProjects\\FeedFood\\app\\build\\intermediates\\exploded-aar\\com.android.support\\design\\23.1.1\\res\\values-v21\\values-v21.xml",
                    "position": {
                        "startLine": 4,
                        "startColumn": 4,
                        "startOffset": 223,
                        "endColumn": 68,
                        "endOffset": 287
                    }
                }
            },
            {
                "to": {
                    "startLine": 3,
                    "startColumn": 4,
                    "startOffset": 124,
                    "endLine": 8,
                    "endColumn": 12,
                    "endOffset": 420
                },
                "from": {
                    "file": "C:\\Users\\shashami\\StudioProjects\\FeedFood\\app\\src\\main\\res\\values-v21\\styles.xml",
                    "position": {
                        "startLine": 2,
                        "startColumn": 4,
                        "startOffset": 19,
                        "endLine": 7,
                        "endColumn": 12,
                        "endOffset": 320
                    }
                }
            },
            {
                "to": {
                    "startLine": 9,
                    "startColumn": 4,
                    "startOffset": 425,
                    "endColumn": 90,
                    "endOffset": 511
                },
                "from": {
                    "file": "C:\\Users\\shashami\\StudioProjects\\FeedFood\\app\\build\\intermediates\\exploded-aar\\com.android.support\\appcompat-v7\\23.1.1\\res\\values-v21\\values-v21.xml",
                    "position": {
                        "startLine": 4,
                        "startColumn": 4,
                        "startOffset": 239,
                        "endColumn": 90,
                        "endOffset": 325
                    }
                }
            },
            {
                "to": {
                    "startLine": 10,
                    "startColumn": 4,
                    "startOffset": 516,
                    "endColumn": 102,
                    "endOffset": 614
                },
                "from": {
                    "file": "C:\\Users\\shashami\\StudioProjects\\FeedFood\\app\\build\\intermediates\\exploded-aar\\com.android.support\\appcompat-v7\\23.1.1\\res\\values-v21\\values-v21.xml",
                    "position": {
                        "startLine": 5,
                        "startColumn": 4,
                        "startOffset": 330,
                        "endColumn": 102,
                        "endOffset": 428
                    }
                }
            },
            {
                "to": {
                    "startLine": 11,
                    "startColumn": 4,
                    "startOffset": 619,
                    "endColumn": 102,
                    "endOffset": 717
                },
                "from": {
                    "file": "C:\\Users\\shashami\\StudioProjects\\FeedFood\\app\\build\\intermediates\\exploded-aar\\com.android.support\\appcompat-v7\\23.1.1\\res\\values-v21\\values-v21.xml",
                    "position": {
                        "startLine": 6,
                        "startColumn": 4,
                        "startOffset": 433,
                        "endColumn": 102,
                        "endOffset": 531
                    }
                }
            },
            {
                "to": {
                    "startLine": 12,
                    "startColumn": 4,
                    "startOffset": 722,
                    "endColumn": 104,
                    "endOffset": 822
                },
                "from": {
                    "file": "C:\\Users\\shashami\\StudioProjects\\FeedFood\\app\\build\\intermediates\\exploded-aar\\com.android.support\\appcompat-v7\\23.1.1\\res\\values-v21\\values-v21.xml",
                    "position": {
                        "startLine": 7,
                        "startColumn": 4,
                        "startOffset": 536,
                        "endColumn": 104,
                        "endOffset": 636
                    }
                }
            },
            {
                "to": {
                    "startLine": 13,
                    "startColumn": 4,
                    "startOffset": 827,
                    "endColumn": 106,
                    "endOffset": 929
                },
                "from": {
                    "file": "C:\\Users\\shashami\\StudioProjects\\FeedFood\\app\\build\\intermediates\\exploded-aar\\com.android.support\\appcompat-v7\\23.1.1\\res\\values-v21\\values-v21.xml",
                    "position": {
                        "startLine": 8,
                        "startColumn": 4,
                        "startOffset": 641,
                        "endColumn": 106,
                        "endOffset": 743
                    }
                }
            },
            {
                "to": {
                    "startLine": 14,
                    "startColumn": 4,
                    "startOffset": 934,
                    "endColumn": 108,
                    "endOffset": 1038
                },
                "from": {
                    "file": "C:\\Users\\shashami\\StudioProjects\\FeedFood\\app\\build\\intermediates\\exploded-aar\\com.android.support\\appcompat-v7\\23.1.1\\res\\values-v21\\values-v21.xml",
                    "position": {
                        "startLine": 9,
                        "startColumn": 4,
                        "startOffset": 748,
                        "endColumn": 108,
                        "endOffset": 852
                    }
                }
            },
            {
                "to": {
                    "startLine": 15,
                    "startColumn": 4,
                    "startOffset": 1043,
                    "endColumn": 108,
                    "endOffset": 1147
                },
                "from": {
                    "file": "C:\\Users\\shashami\\StudioProjects\\FeedFood\\app\\build\\intermediates\\exploded-aar\\com.android.support\\appcompat-v7\\23.1.1\\res\\values-v21\\values-v21.xml",
                    "position": {
                        "startLine": 10,
                        "startColumn": 4,
                        "startOffset": 857,
                        "endColumn": 108,
                        "endOffset": 961
                    }
                }
            },
            {
                "to": {
                    "startLine": 16,
                    "startColumn": 4,
                    "startOffset": 1152,
                    "endColumn": 108,
                    "endOffset": 1256
                },
                "from": {
                    "file": "C:\\Users\\shashami\\StudioProjects\\FeedFood\\app\\build\\intermediates\\exploded-aar\\com.android.support\\appcompat-v7\\23.1.1\\res\\values-v21\\values-v21.xml",
                    "position": {
                        "startLine": 11,
                        "startColumn": 4,
                        "startOffset": 966,
                        "endColumn": 108,
                        "endOffset": 1070
                    }
                }
            },
            {
                "to": {
                    "startLine": 17,
                    "startColumn": 4,
                    "startOffset": 1261,
                    "endColumn": 108,
                    "endOffset": 1365
                },
                "from": {
                    "file": "C:\\Users\\shashami\\StudioProjects\\FeedFood\\app\\build\\intermediates\\exploded-aar\\com.android.support\\appcompat-v7\\23.1.1\\res\\values-v21\\values-v21.xml",
                    "position": {
                        "startLine": 12,
                        "startColumn": 4,
                        "startOffset": 1075,
                        "endColumn": 108,
                        "endOffset": 1179
                    }
                }
            },
            {
                "to": {
                    "startLine": 18,
                    "startColumn": 4,
                    "startOffset": 1370,
                    "endColumn": 108,
                    "endOffset": 1474
                },
                "from": {
                    "file": "C:\\Users\\shashami\\StudioProjects\\FeedFood\\app\\build\\intermediates\\exploded-aar\\com.android.support\\appcompat-v7\\23.1.1\\res\\values-v21\\values-v21.xml",
                    "position": {
                        "startLine": 13,
                        "startColumn": 4,
                        "startOffset": 1184,
                        "endColumn": 108,
                        "endOffset": 1288
                    }
                }
            },
            {
                "to": {
                    "startLine": 19,
                    "startColumn": 4,
                    "startOffset": 1479,
                    "endColumn": 106,
                    "endOffset": 1581
                },
                "from": {
                    "file": "C:\\Users\\shashami\\StudioProjects\\FeedFood\\app\\build\\intermediates\\exploded-aar\\com.android.support\\appcompat-v7\\23.1.1\\res\\values-v21\\values-v21.xml",
                    "position": {
                        "startLine": 14,
                        "startColumn": 4,
                        "startOffset": 1293,
                        "endColumn": 106,
                        "endOffset": 1395
                    }
                }
            },
            {
                "to": {
                    "startLine": 20,
                    "startColumn": 4,
                    "startOffset": 1586,
                    "endColumn": 102,
                    "endOffset": 1684
                },
                "from": {
                    "file": "C:\\Users\\shashami\\StudioProjects\\FeedFood\\app\\build\\intermediates\\exploded-aar\\com.android.support\\appcompat-v7\\23.1.1\\res\\values-v21\\values-v21.xml",
                    "position": {
                        "startLine": 15,
                        "startColumn": 4,
                        "startOffset": 1400,
                        "endColumn": 102,
                        "endOffset": 1498
                    }
                }
            },
            {
                "to": {
                    "startLine": 21,
                    "startColumn": 4,
                    "startOffset": 1689,
                    "endColumn": 118,
                    "endOffset": 1803
                },
                "from": {
                    "file": "C:\\Users\\shashami\\StudioProjects\\FeedFood\\app\\build\\intermediates\\exploded-aar\\com.android.support\\appcompat-v7\\23.1.1\\res\\values-v21\\values-v21.xml",
                    "position": {
                        "startLine": 16,
                        "startColumn": 4,
                        "startOffset": 1503,
                        "endColumn": 118,
                        "endOffset": 1617
                    }
                }
            },
            {
                "to": {
                    "startLine": 22,
                    "startColumn": 4,
                    "startOffset": 1808,
                    "endLine": 23,
                    "endColumn": 12,
                    "endOffset": 1958
                },
                "from": {
                    "file": "C:\\Users\\shashami\\StudioProjects\\FeedFood\\app\\build\\intermediates\\exploded-aar\\com.android.support\\appcompat-v7\\23.1.1\\res\\values-v21\\values-v21.xml",
                    "position": {
                        "startLine": 19,
                        "startColumn": 4,
                        "startOffset": 1801,
                        "endLine": 20,
                        "endColumn": 12,
                        "endOffset": 1951
                    }
                }
            },
            {
                "to": {
                    "startLine": 24,
                    "startColumn": 4,
                    "startOffset": 1963,
                    "endLine": 25,
                    "endColumn": 12,
                    "endOffset": 2113
                },
                "from": {
                    "file": "C:\\Users\\shashami\\StudioProjects\\FeedFood\\app\\build\\intermediates\\exploded-aar\\com.android.support\\appcompat-v7\\23.1.1\\res\\values-v21\\values-v21.xml",
                    "position": {
                        "startLine": 21,
                        "startColumn": 4,
                        "startOffset": 1956,
                        "endLine": 22,
                        "endColumn": 12,
                        "endOffset": 2106
                    }
                }
            },
            {
                "to": {
                    "startLine": 26,
                    "startColumn": 4,
                    "startOffset": 2118,
                    "endColumn": 104,
                    "endOffset": 2218
                },
                "from": {
                    "file": "C:\\Users\\shashami\\StudioProjects\\FeedFood\\app\\build\\intermediates\\exploded-aar\\com.android.support\\appcompat-v7\\23.1.1\\res\\values-v21\\values-v21.xml",
                    "position": {
                        "startLine": 25,
                        "startColumn": 4,
                        "startOffset": 2295,
                        "endColumn": 104,
                        "endOffset": 2395
                    }
                }
            },
            {
                "to": {
                    "startLine": 27,
                    "startColumn": 4,
                    "startOffset": 2223,
                    "endColumn": 120,
                    "endOffset": 2339
                },
                "from": {
                    "file": "C:\\Users\\shashami\\StudioProjects\\FeedFood\\app\\build\\intermediates\\exploded-aar\\com.android.support\\appcompat-v7\\23.1.1\\res\\values-v21\\values-v21.xml",
                    "position": {
                        "startLine": 26,
                        "startColumn": 4,
                        "startOffset": 2400,
                        "endColumn": 120,
                        "endOffset": 2516
                    }
                }
            },
            {
                "to": {
                    "startLine": 28,
                    "startColumn": 4,
                    "startOffset": 2344,
                    "endColumn": 100,
                    "endOffset": 2440
                },
                "from": {
                    "file": "C:\\Users\\shashami\\StudioProjects\\FeedFood\\app\\build\\intermediates\\exploded-aar\\com.android.support\\appcompat-v7\\23.1.1\\res\\values-v21\\values-v21.xml",
                    "position": {
                        "startLine": 27,
                        "startColumn": 4,
                        "startOffset": 2521,
                        "endColumn": 100,
                        "endOffset": 2617
                    }
                }
            },
            {
                "to": {
                    "startLine": 29,
                    "startColumn": 4,
                    "startOffset": 2445,
                    "endLine": 30,
                    "endColumn": 12,
                    "endOffset": 2587
                },
                "from": {
                    "file": "C:\\Users\\shashami\\StudioProjects\\FeedFood\\app\\build\\intermediates\\exploded-aar\\com.android.support\\appcompat-v7\\23.1.1\\res\\values-v21\\values-v21.xml",
                    "position": {
                        "startLine": 30,
                        "startColumn": 4,
                        "startOffset": 2801,
                        "endLine": 31,
                        "endColumn": 12,
                        "endOffset": 2943
                    }
                }
            },
            {
                "to": {
                    "startLine": 31,
                    "startColumn": 4,
                    "startOffset": 2592,
                    "endLine": 32,
                    "endColumn": 12,
                    "endOffset": 2728
                },
                "from": {
                    "file": "C:\\Users\\shashami\\StudioProjects\\FeedFood\\app\\build\\intermediates\\exploded-aar\\com.android.support\\appcompat-v7\\23.1.1\\res\\values-v21\\values-v21.xml",
                    "position": {
                        "startLine": 32,
                        "startColumn": 4,
                        "startOffset": 2948,
                        "endLine": 33,
                        "endColumn": 12,
                        "endOffset": 3084
                    }
                }
            },
            {
                "to": {
                    "startLine": 33,
                    "startColumn": 4,
                    "startOffset": 2733,
                    "endColumn": 102,
                    "endOffset": 2831
                },
                "from": {
                    "file": "C:\\Users\\shashami\\StudioProjects\\FeedFood\\app\\build\\intermediates\\exploded-aar\\com.android.support\\appcompat-v7\\23.1.1\\res\\values-v21\\values-v21.xml",
                    "position": {
                        "startLine": 36,
                        "startColumn": 4,
                        "startOffset": 3273,
                        "endColumn": 102,
                        "endOffset": 3371
                    }
                }
            },
            {
                "to": {
                    "startLine": 34,
                    "startColumn": 4,
                    "startOffset": 2836,
                    "endColumn": 118,
                    "endOffset": 2950
                },
                "from": {
                    "file": "C:\\Users\\shashami\\StudioProjects\\FeedFood\\app\\build\\intermediates\\exploded-aar\\com.android.support\\appcompat-v7\\23.1.1\\res\\values-v21\\values-v21.xml",
                    "position": {
                        "startLine": 37,
                        "startColumn": 4,
                        "startOffset": 3376,
                        "endColumn": 118,
                        "endOffset": 3490
                    }
                }
            },
            {
                "to": {
                    "startLine": 35,
                    "startColumn": 4,
                    "startOffset": 2955,
                    "endColumn": 106,
                    "endOffset": 3057
                },
                "from": {
                    "file": "C:\\Users\\shashami\\StudioProjects\\FeedFood\\app\\build\\intermediates\\exploded-aar\\com.android.support\\appcompat-v7\\23.1.1\\res\\values-v21\\values-v21.xml",
                    "position": {
                        "startLine": 38,
                        "startColumn": 4,
                        "startOffset": 3495,
                        "endColumn": 106,
                        "endOffset": 3597
                    }
                }
            },
            {
                "to": {
                    "startLine": 36,
                    "startColumn": 4,
                    "startOffset": 3062,
                    "endColumn": 102,
                    "endOffset": 3160
                },
                "from": {
                    "file": "C:\\Users\\shashami\\StudioProjects\\FeedFood\\app\\build\\intermediates\\exploded-aar\\com.android.support\\appcompat-v7\\23.1.1\\res\\values-v21\\values-v21.xml",
                    "position": {
                        "startLine": 39,
                        "startColumn": 4,
                        "startOffset": 3602,
                        "endColumn": 102,
                        "endOffset": 3700
                    }
                }
            },
            {
                "to": {
                    "startLine": 37,
                    "startColumn": 4,
                    "startOffset": 3165,
                    "endLine": 38,
                    "endColumn": 12,
                    "endOffset": 3307
                },
                "from": {
                    "file": "C:\\Users\\shashami\\StudioProjects\\FeedFood\\app\\build\\intermediates\\exploded-aar\\com.android.support\\appcompat-v7\\23.1.1\\res\\values-v21\\values-v21.xml",
                    "position": {
                        "startLine": 42,
                        "startColumn": 4,
                        "startOffset": 3884,
                        "endLine": 43,
                        "endColumn": 12,
                        "endOffset": 4026
                    }
                }
            },
            {
                "to": {
                    "startLine": 39,
                    "startColumn": 4,
                    "startOffset": 3312,
                    "endLine": 40,
                    "endColumn": 12,
                    "endOffset": 3462
                },
                "from": {
                    "file": "C:\\Users\\shashami\\StudioProjects\\FeedFood\\app\\build\\intermediates\\exploded-aar\\com.android.support\\appcompat-v7\\23.1.1\\res\\values-v21\\values-v21.xml",
                    "position": {
                        "startLine": 44,
                        "startColumn": 4,
                        "startOffset": 4031,
                        "endLine": 45,
                        "endColumn": 12,
                        "endOffset": 4181
                    }
                }
            },
            {
                "to": {
                    "startLine": 41,
                    "startColumn": 4,
                    "startOffset": 3467,
                    "endLine": 42,
                    "endColumn": 12,
                    "endOffset": 3633
                },
                "from": {
                    "file": "C:\\Users\\shashami\\StudioProjects\\FeedFood\\app\\build\\intermediates\\exploded-aar\\com.android.support\\appcompat-v7\\23.1.1\\res\\values-v21\\values-v21.xml",
                    "position": {
                        "startLine": 46,
                        "startColumn": 4,
                        "startOffset": 4186,
                        "endLine": 47,
                        "endColumn": 12,
                        "endOffset": 4352
                    }
                }
            },
            {
                "to": {
                    "startLine": 43,
                    "startColumn": 4,
                    "startOffset": 3638,
                    "endLine": 44,
                    "endColumn": 12,
                    "endOffset": 3782
                },
                "from": {
                    "file": "C:\\Users\\shashami\\StudioProjects\\FeedFood\\app\\build\\intermediates\\exploded-aar\\com.android.support\\appcompat-v7\\23.1.1\\res\\values-v21\\values-v21.xml",
                    "position": {
                        "startLine": 48,
                        "startColumn": 4,
                        "startOffset": 4357,
                        "endLine": 49,
                        "endColumn": 12,
                        "endOffset": 4501
                    }
                }
            },
            {
                "to": {
                    "startLine": 45,
                    "startColumn": 4,
                    "startOffset": 3787,
                    "endLine": 46,
                    "endColumn": 12,
                    "endOffset": 3947
                },
                "from": {
                    "file": "C:\\Users\\shashami\\StudioProjects\\FeedFood\\app\\build\\intermediates\\exploded-aar\\com.android.support\\appcompat-v7\\23.1.1\\res\\values-v21\\values-v21.xml",
                    "position": {
                        "startLine": 50,
                        "startColumn": 4,
                        "startOffset": 4506,
                        "endLine": 51,
                        "endColumn": 12,
                        "endOffset": 4666
                    }
                }
            },
            {
                "to": {
                    "startLine": 47,
                    "startColumn": 4,
                    "startOffset": 3952,
                    "endLine": 48,
                    "endColumn": 12,
                    "endOffset": 4104
                },
                "from": {
                    "file": "C:\\Users\\shashami\\StudioProjects\\FeedFood\\app\\build\\intermediates\\exploded-aar\\com.android.support\\appcompat-v7\\23.1.1\\res\\values-v21\\values-v21.xml",
                    "position": {
                        "startLine": 52,
                        "startColumn": 4,
                        "startOffset": 4671,
                        "endLine": 53,
                        "endColumn": 12,
                        "endOffset": 4823
                    }
                }
            },
            {
                "to": {
                    "startLine": 49,
                    "startColumn": 4,
                    "startOffset": 4109,
                    "endLine": 50,
                    "endColumn": 12,
                    "endOffset": 4255
                },
                "from": {
                    "file": "C:\\Users\\shashami\\StudioProjects\\FeedFood\\app\\build\\intermediates\\exploded-aar\\com.android.support\\appcompat-v7\\23.1.1\\res\\values-v21\\values-v21.xml",
                    "position": {
                        "startLine": 54,
                        "startColumn": 4,
                        "startOffset": 4828,
                        "endLine": 55,
                        "endColumn": 12,
                        "endOffset": 4974
                    }
                }
            },
            {
                "to": {
                    "startLine": 51,
                    "startColumn": 4,
                    "startOffset": 4260,
                    "endColumn": 118,
                    "endOffset": 4374
                },
                "from": {
                    "file": "C:\\Users\\shashami\\StudioProjects\\FeedFood\\app\\build\\intermediates\\exploded-aar\\com.android.support\\appcompat-v7\\23.1.1\\res\\values-v21\\values-v21.xml",
                    "position": {
                        "startLine": 58,
                        "startColumn": 4,
                        "startOffset": 5163,
                        "endColumn": 118,
                        "endOffset": 5277
                    }
                }
            },
            {
                "to": {
                    "startLine": 52,
                    "startColumn": 4,
                    "startOffset": 4379,
                    "endLine": 53,
                    "endColumn": 12,
                    "endOffset": 4523
                },
                "from": {
                    "file": "C:\\Users\\shashami\\StudioProjects\\FeedFood\\app\\build\\intermediates\\exploded-aar\\com.android.support\\appcompat-v7\\23.1.1\\res\\values-v21\\values-v21.xml",
                    "position": {
                        "startLine": 61,
                        "startColumn": 4,
                        "startOffset": 5461,
                        "endLine": 62,
                        "endColumn": 12,
                        "endOffset": 5605
                    }
                }
            },
            {
                "to": {
                    "startLine": 54,
                    "startColumn": 4,
                    "startOffset": 4528,
                    "endLine": 55,
                    "endColumn": 12,
                    "endOffset": 4672
                },
                "from": {
                    "file": "C:\\Users\\shashami\\StudioProjects\\FeedFood\\app\\build\\intermediates\\exploded-aar\\com.android.support\\appcompat-v7\\23.1.1\\res\\values-v21\\values-v21.xml",
                    "position": {
                        "startLine": 63,
                        "startColumn": 4,
                        "startOffset": 5610,
                        "endLine": 64,
                        "endColumn": 12,
                        "endOffset": 5754
                    }
                }
            },
            {
                "to": {
                    "startLine": 56,
                    "startColumn": 4,
                    "startOffset": 4677,
                    "endColumn": 111,
                    "endOffset": 4784
                },
                "from": {
                    "file": "C:\\Users\\shashami\\StudioProjects\\FeedFood\\app\\build\\intermediates\\exploded-aar\\com.android.support\\appcompat-v7\\23.1.1\\res\\values-v21\\values-v21.xml",
                    "position": {
                        "startLine": 67,
                        "startColumn": 4,
                        "startOffset": 5943,
                        "endColumn": 111,
                        "endOffset": 6050
                    }
                }
            },
            {
                "to": {
                    "startLine": 57,
                    "startColumn": 4,
                    "startOffset": 4789,
                    "endColumn": 146,
                    "endOffset": 4931
                },
                "from": {
                    "file": "C:\\Users\\shashami\\StudioProjects\\FeedFood\\app\\build\\intermediates\\exploded-aar\\com.android.support\\appcompat-v7\\23.1.1\\res\\values-v21\\values-v21.xml",
                    "position": {
                        "startLine": 70,
                        "startColumn": 4,
                        "startOffset": 6234,
                        "endColumn": 146,
                        "endOffset": 6376
                    }
                }
            },
            {
                "to": {
                    "startLine": 58,
                    "startColumn": 4,
                    "startOffset": 4936,
                    "endLine": 59,
                    "endColumn": 12,
                    "endOffset": 5084
                },
                "from": {
                    "file": "C:\\Users\\shashami\\StudioProjects\\FeedFood\\app\\build\\intermediates\\exploded-aar\\com.android.support\\appcompat-v7\\23.1.1\\res\\values-v21\\values-v21.xml",
                    "position": {
                        "startLine": 71,
                        "startColumn": 4,
                        "startOffset": 6381,
                        "endLine": 72,
                        "endColumn": 12,
                        "endOffset": 6529
                    }
                }
            },
            {
                "to": {
                    "startLine": 60,
                    "startColumn": 4,
                    "startOffset": 5089,
                    "endLine": 61,
                    "endColumn": 12,
                    "endOffset": 5231
                },
                "from": {
                    "file": "C:\\Users\\shashami\\StudioProjects\\FeedFood\\app\\build\\intermediates\\exploded-aar\\com.android.support\\appcompat-v7\\23.1.1\\res\\values-v21\\values-v21.xml",
                    "position": {
                        "startLine": 73,
                        "startColumn": 4,
                        "startOffset": 6534,
                        "endLine": 74,
                        "endColumn": 12,
                        "endOffset": 6676
                    }
                }
            },
            {
                "to": {
                    "startLine": 62,
                    "startColumn": 4,
                    "startOffset": 5236,
                    "endColumn": 74,
                    "endOffset": 5306
                },
                "from": {
                    "file": "C:\\Users\\shashami\\StudioProjects\\FeedFood\\app\\build\\intermediates\\exploded-aar\\com.android.support\\appcompat-v7\\23.1.1\\res\\values-v21\\values-v21.xml",
                    "position": {
                        "startLine": 77,
                        "startColumn": 4,
                        "startOffset": 6860,
                        "endColumn": 74,
                        "endOffset": 6930
                    }
                }
            },
            {
                "to": {
                    "startLine": 63,
                    "startColumn": 4,
                    "startOffset": 5311,
                    "endColumn": 88,
                    "endOffset": 5395
                },
                "from": {
                    "file": "C:\\Users\\shashami\\StudioProjects\\FeedFood\\app\\build\\intermediates\\exploded-aar\\com.android.support\\appcompat-v7\\23.1.1\\res\\values-v21\\values-v21.xml",
                    "position": {
                        "startLine": 78,
                        "startColumn": 4,
                        "startOffset": 6935,
                        "endColumn": 88,
                        "endOffset": 7019
                    }
                }
            },
            {
                "to": {
                    "startLine": 64,
                    "startColumn": 4,
                    "startOffset": 5400,
                    "endColumn": 86,
                    "endOffset": 5482
                },
                "from": {
                    "file": "C:\\Users\\shashami\\StudioProjects\\FeedFood\\app\\build\\intermediates\\exploded-aar\\com.android.support\\appcompat-v7\\23.1.1\\res\\values-v21\\values-v21.xml",
                    "position": {
                        "startLine": 79,
                        "startColumn": 4,
                        "startOffset": 7024,
                        "endColumn": 86,
                        "endOffset": 7106
                    }
                }
            },
            {
                "to": {
                    "startLine": 65,
                    "startColumn": 4,
                    "startOffset": 5487,
                    "endColumn": 100,
                    "endOffset": 5583
                },
                "from": {
                    "file": "C:\\Users\\shashami\\StudioProjects\\FeedFood\\app\\build\\intermediates\\exploded-aar\\com.android.support\\appcompat-v7\\23.1.1\\res\\values-v21\\values-v21.xml",
                    "position": {
                        "startLine": 80,
                        "startColumn": 4,
                        "startOffset": 7111,
                        "endColumn": 100,
                        "endOffset": 7207
                    }
                }
            },
            {
                "to": {
                    "startLine": 66,
                    "startColumn": 4,
                    "startOffset": 5588,
                    "endLine": 109,
                    "endColumn": 12,
                    "endOffset": 8651
                },
                "from": {
                    "file": "C:\\Users\\shashami\\StudioProjects\\FeedFood\\app\\build\\intermediates\\exploded-aar\\com.android.support\\appcompat-v7\\23.1.1\\res\\values-v21\\values-v21.xml",
                    "position": {
                        "startLine": 81,
                        "startColumn": 4,
                        "startOffset": 7212,
                        "endLine": 124,
                        "endColumn": 12,
                        "endOffset": 10275
                    }
                }
            },
            {
                "to": {
                    "startLine": 110,
                    "startColumn": 4,
                    "startOffset": 8656,
                    "endLine": 112,
                    "endColumn": 12,
                    "endOffset": 8837
                },
                "from": {
                    "file": "C:\\Users\\shashami\\StudioProjects\\FeedFood\\app\\build\\intermediates\\exploded-aar\\com.android.support\\appcompat-v7\\23.1.1\\res\\values-v21\\values-v21.xml",
                    "position": {
                        "startLine": 125,
                        "startColumn": 4,
                        "startOffset": 10280,
                        "endLine": 127,
                        "endColumn": 12,
                        "endOffset": 10461
                    }
                }
            },
            {
                "to": {
                    "startLine": 113,
                    "startColumn": 4,
                    "startOffset": 8842,
                    "endLine": 156,
                    "endColumn": 12,
                    "endOffset": 11917
                },
                "from": {
                    "file": "C:\\Users\\shashami\\StudioProjects\\FeedFood\\app\\build\\intermediates\\exploded-aar\\com.android.support\\appcompat-v7\\23.1.1\\res\\values-v21\\values-v21.xml",
                    "position": {
                        "startLine": 128,
                        "startColumn": 4,
                        "startOffset": 10466,
                        "endLine": 171,
                        "endColumn": 12,
                        "endOffset": 13541
                    }
                }
            },
            {
                "to": {
                    "startLine": 157,
                    "startColumn": 4,
                    "startOffset": 11922,
                    "endLine": 159,
                    "endColumn": 12,
                    "endOffset": 12115
                },
                "from": {
                    "file": "C:\\Users\\shashami\\StudioProjects\\FeedFood\\app\\build\\intermediates\\exploded-aar\\com.android.support\\appcompat-v7\\23.1.1\\res\\values-v21\\values-v21.xml",
                    "position": {
                        "startLine": 172,
                        "startColumn": 4,
                        "startOffset": 13546,
                        "endLine": 174,
                        "endColumn": 12,
                        "endOffset": 13739
                    }
                }
            },
            {
                "to": {
                    "startLine": 160,
                    "startColumn": 4,
                    "startOffset": 12120,
                    "endLine": 161,
                    "endColumn": 12,
                    "endOffset": 12238
                },
                "from": {
                    "file": "C:\\Users\\shashami\\StudioProjects\\FeedFood\\app\\build\\intermediates\\exploded-aar\\com.android.support\\appcompat-v7\\23.1.1\\res\\values-v21\\values-v21.xml",
                    "position": {
                        "startLine": 177,
                        "startColumn": 4,
                        "startOffset": 13923,
                        "endLine": 178,
                        "endColumn": 12,
                        "endOffset": 14041
                    }
                }
            },
            {
                "to": {
                    "startLine": 162,
                    "startColumn": 4,
                    "startOffset": 12243,
                    "endLine": 163,
                    "endColumn": 12,
                    "endOffset": 12361
                },
                "from": {
                    "file": "C:\\Users\\shashami\\StudioProjects\\FeedFood\\app\\build\\intermediates\\exploded-aar\\com.android.support\\appcompat-v7\\23.1.1\\res\\values-v21\\values-v21.xml",
                    "position": {
                        "startLine": 179,
                        "startColumn": 4,
                        "startOffset": 14046,
                        "endLine": 180,
                        "endColumn": 12,
                        "endOffset": 14164
                    }
                }
            },
            {
                "to": {
                    "startLine": 164,
                    "startColumn": 4,
                    "startOffset": 12366,
                    "endLine": 165,
                    "endColumn": 12,
                    "endOffset": 12474
                },
                "from": {
                    "file": "C:\\Users\\shashami\\StudioProjects\\FeedFood\\app\\build\\intermediates\\exploded-aar\\com.android.support\\appcompat-v7\\23.1.1\\res\\values-v21\\values-v21.xml",
                    "position": {
                        "startLine": 181,
                        "startColumn": 4,
                        "startOffset": 14169,
                        "endLine": 182,
                        "endColumn": 12,
                        "endOffset": 14277
                    }
                }
            },
            {
                "to": {
                    "startLine": 166,
                    "startColumn": 4,
                    "startOffset": 12479,
                    "endLine": 168,
                    "endColumn": 12,
                    "endOffset": 12657
                },
                "from": {
                    "file": "C:\\Users\\shashami\\StudioProjects\\FeedFood\\app\\build\\intermediates\\exploded-aar\\com.android.support\\appcompat-v7\\23.1.1\\res\\values-v21\\values-v21.xml",
                    "position": {
                        "startLine": 183,
                        "startColumn": 4,
                        "startOffset": 14282,
                        "endLine": 185,
                        "endColumn": 12,
                        "endOffset": 14460
                    }
                }
            },
            {
                "to": {
                    "startLine": 169,
                    "startColumn": 4,
                    "startOffset": 12662,
                    "endLine": 170,
                    "endColumn": 12,
                    "endOffset": 12788
                },
                "from": {
                    "file": "C:\\Users\\shashami\\StudioProjects\\FeedFood\\app\\build\\intermediates\\exploded-aar\\com.android.support\\appcompat-v7\\23.1.1\\res\\values-v21\\values-v21.xml",
                    "position": {
                        "startLine": 186,
                        "startColumn": 4,
                        "startOffset": 14465,
                        "endLine": 187,
                        "endColumn": 12,
                        "endOffset": 14591
                    }
                }
            },
            {
                "to": {
                    "startLine": 171,
                    "startColumn": 4,
                    "startOffset": 12793,
                    "endLine": 173,
                    "endColumn": 12,
                    "endOffset": 12989
                },
                "from": {
                    "file": "C:\\Users\\shashami\\StudioProjects\\FeedFood\\app\\build\\intermediates\\exploded-aar\\com.android.support\\appcompat-v7\\23.1.1\\res\\values-v21\\values-v21.xml",
                    "position": {
                        "startLine": 188,
                        "startColumn": 4,
                        "startOffset": 14596,
                        "endLine": 190,
                        "endColumn": 12,
                        "endOffset": 14792
                    }
                }
            },
            {
                "to": {
                    "startLine": 174,
                    "startColumn": 4,
                    "startOffset": 12994,
                    "endColumn": 88,
                    "endOffset": 13078
                },
                "from": {
                    "file": "C:\\Users\\shashami\\StudioProjects\\FeedFood\\app\\build\\intermediates\\exploded-aar\\com.android.support\\appcompat-v7\\23.1.1\\res\\values-v21\\values-v21.xml",
                    "position": {
                        "startLine": 191,
                        "startColumn": 4,
                        "startOffset": 14797,
                        "endColumn": 88,
                        "endOffset": 14881
                    }
                }
            },
            {
                "to": {
                    "startLine": 175,
                    "startColumn": 4,
                    "startOffset": 13083,
                    "endColumn": 110,
                    "endOffset": 13189
                },
                "from": {
                    "file": "C:\\Users\\shashami\\StudioProjects\\FeedFood\\app\\build\\intermediates\\exploded-aar\\com.android.support\\appcompat-v7\\23.1.1\\res\\values-v21\\values-v21.xml",
                    "position": {
                        "startLine": 192,
                        "startColumn": 4,
                        "startOffset": 14886,
                        "endColumn": 110,
                        "endOffset": 14992
                    }
                }
            },
            {
                "to": {
                    "startLine": 176,
                    "startColumn": 4,
                    "startOffset": 13194,
                    "endColumn": 126,
                    "endOffset": 13316
                },
                "from": {
                    "file": "C:\\Users\\shashami\\StudioProjects\\FeedFood\\app\\build\\intermediates\\exploded-aar\\com.android.support\\appcompat-v7\\23.1.1\\res\\values-v21\\values-v21.xml",
                    "position": {
                        "startLine": 193,
                        "startColumn": 4,
                        "startOffset": 14997,
                        "endColumn": 126,
                        "endOffset": 15119
                    }
                }
            },
            {
                "to": {
                    "startLine": 177,
                    "startColumn": 4,
                    "startOffset": 13321,
                    "endColumn": 100,
                    "endOffset": 13417
                },
                "from": {
                    "file": "C:\\Users\\shashami\\StudioProjects\\FeedFood\\app\\build\\intermediates\\exploded-aar\\com.android.support\\appcompat-v7\\23.1.1\\res\\values-v21\\values-v21.xml",
                    "position": {
                        "startLine": 194,
                        "startColumn": 4,
                        "startOffset": 15124,
                        "endColumn": 100,
                        "endOffset": 15220
                    }
                }
            },
            {
                "to": {
                    "startLine": 178,
                    "startColumn": 4,
                    "startOffset": 13422,
                    "endColumn": 94,
                    "endOffset": 13512
                },
                "from": {
                    "file": "C:\\Users\\shashami\\StudioProjects\\FeedFood\\app\\build\\intermediates\\exploded-aar\\com.android.support\\appcompat-v7\\23.1.1\\res\\values-v21\\values-v21.xml",
                    "position": {
                        "startLine": 195,
                        "startColumn": 4,
                        "startOffset": 15225,
                        "endColumn": 94,
                        "endOffset": 15315
                    }
                }
            },
            {
                "to": {
                    "startLine": 179,
                    "startColumn": 4,
                    "startOffset": 13517,
                    "endColumn": 122,
                    "endOffset": 13635
                },
                "from": {
                    "file": "C:\\Users\\shashami\\StudioProjects\\FeedFood\\app\\build\\intermediates\\exploded-aar\\com.android.support\\appcompat-v7\\23.1.1\\res\\values-v21\\values-v21.xml",
                    "position": {
                        "startLine": 196,
                        "startColumn": 4,
                        "startOffset": 15320,
                        "endColumn": 122,
                        "endOffset": 15438
                    }
                }
            },
            {
                "to": {
                    "startLine": 180,
                    "startColumn": 4,
                    "startOffset": 13640,
                    "endColumn": 128,
                    "endOffset": 13764
                },
                "from": {
                    "file": "C:\\Users\\shashami\\StudioProjects\\FeedFood\\app\\build\\intermediates\\exploded-aar\\com.android.support\\appcompat-v7\\23.1.1\\res\\values-v21\\values-v21.xml",
                    "position": {
                        "startLine": 197,
                        "startColumn": 4,
                        "startOffset": 15443,
                        "endColumn": 128,
                        "endOffset": 15567
                    }
                }
            },
            {
                "to": {
                    "startLine": 181,
                    "startColumn": 4,
                    "startOffset": 13769,
                    "endColumn": 116,
                    "endOffset": 13881
                },
                "from": {
                    "file": "C:\\Users\\shashami\\StudioProjects\\FeedFood\\app\\build\\intermediates\\exploded-aar\\com.android.support\\appcompat-v7\\23.1.1\\res\\values-v21\\values-v21.xml",
                    "position": {
                        "startLine": 198,
                        "startColumn": 4,
                        "startOffset": 15572,
                        "endColumn": 116,
                        "endOffset": 15684
                    }
                }
            },
            {
                "to": {
                    "startLine": 182,
                    "startColumn": 4,
                    "startOffset": 13886,
                    "endLine": 184,
                    "endColumn": 12,
                    "endOffset": 14058
                },
                "from": {
                    "file": "C:\\Users\\shashami\\StudioProjects\\FeedFood\\app\\build\\intermediates\\exploded-aar\\com.android.support\\appcompat-v7\\23.1.1\\res\\values-v21\\values-v21.xml",
                    "position": {
                        "startLine": 199,
                        "startColumn": 4,
                        "startOffset": 15689,
                        "endLine": 201,
                        "endColumn": 12,
                        "endOffset": 15861
                    }
                }
            },
            {
                "to": {
                    "startLine": 185,
                    "startColumn": 4,
                    "startOffset": 14063,
                    "endColumn": 98,
                    "endOffset": 14157
                },
                "from": {
                    "file": "C:\\Users\\shashami\\StudioProjects\\FeedFood\\app\\build\\intermediates\\exploded-aar\\com.android.support\\appcompat-v7\\23.1.1\\res\\values-v21\\values-v21.xml",
                    "position": {
                        "startLine": 202,
                        "startColumn": 4,
                        "startOffset": 15866,
                        "endColumn": 98,
                        "endOffset": 15960
                    }
                }
            },
            {
                "to": {
                    "startLine": 186,
                    "startColumn": 4,
                    "startOffset": 14162,
                    "endLine": 187,
                    "endColumn": 12,
                    "endOffset": 14292
                },
                "from": {
                    "file": "C:\\Users\\shashami\\StudioProjects\\FeedFood\\app\\build\\intermediates\\exploded-aar\\com.android.support\\appcompat-v7\\23.1.1\\res\\values-v21\\values-v21.xml",
                    "position": {
                        "startLine": 203,
                        "startColumn": 4,
                        "startOffset": 15965,
                        "endLine": 204,
                        "endColumn": 12,
                        "endOffset": 16095
                    }
                }
            },
            {
                "to": {
                    "startLine": 188,
                    "startColumn": 4,
                    "startOffset": 14297,
                    "endLine": 189,
                    "endColumn": 12,
                    "endOffset": 14435
                },
                "from": {
                    "file": "C:\\Users\\shashami\\StudioProjects\\FeedFood\\app\\build\\intermediates\\exploded-aar\\com.android.support\\appcompat-v7\\23.1.1\\res\\values-v21\\values-v21.xml",
                    "position": {
                        "startLine": 205,
                        "startColumn": 4,
                        "startOffset": 16100,
                        "endLine": 206,
                        "endColumn": 12,
                        "endOffset": 16238
                    }
                }
            },
            {
                "to": {
                    "startLine": 190,
                    "startColumn": 4,
                    "startOffset": 14440,
                    "endLine": 191,
                    "endColumn": 12,
                    "endOffset": 14570
                },
                "from": {
                    "file": "C:\\Users\\shashami\\StudioProjects\\FeedFood\\app\\build\\intermediates\\exploded-aar\\com.android.support\\appcompat-v7\\23.1.1\\res\\values-v21\\values-v21.xml",
                    "position": {
                        "startLine": 207,
                        "startColumn": 4,
                        "startOffset": 16243,
                        "endLine": 208,
                        "endColumn": 12,
                        "endOffset": 16373
                    }
                }
            },
            {
                "to": {
                    "startLine": 192,
                    "startColumn": 4,
                    "startOffset": 14575,
                    "endLine": 193,
                    "endColumn": 12,
                    "endOffset": 14689
                },
                "from": {
                    "file": "C:\\Users\\shashami\\StudioProjects\\FeedFood\\app\\build\\intermediates\\exploded-aar\\com.android.support\\appcompat-v7\\23.1.1\\res\\values-v21\\values-v21.xml",
                    "position": {
                        "startLine": 209,
                        "startColumn": 4,
                        "startOffset": 16378,
                        "endLine": 210,
                        "endColumn": 12,
                        "endOffset": 16492
                    }
                }
            },
            {
                "to": {
                    "startLine": 194,
                    "startColumn": 4,
                    "startOffset": 14694,
                    "endLine": 197,
                    "endColumn": 12,
                    "endOffset": 14890
                },
                "from": {
                    "file": "C:\\Users\\shashami\\StudioProjects\\FeedFood\\app\\build\\intermediates\\exploded-aar\\com.android.support\\appcompat-v7\\23.1.1\\res\\values-v21\\values-v21.xml",
                    "position": {
                        "startLine": 211,
                        "startColumn": 4,
                        "startOffset": 16497,
                        "endLine": 214,
                        "endColumn": 12,
                        "endOffset": 16693
                    }
                }
            },
            {
                "to": {
                    "startLine": 198,
                    "startColumn": 4,
                    "startOffset": 14895,
                    "endLine": 199,
                    "endColumn": 12,
                    "endOffset": 15009
                },
                "from": {
                    "file": "C:\\Users\\shashami\\StudioProjects\\FeedFood\\app\\build\\intermediates\\exploded-aar\\com.android.support\\appcompat-v7\\23.1.1\\res\\values-v21\\values-v21.xml",
                    "position": {
                        "startLine": 215,
                        "startColumn": 4,
                        "startOffset": 16698,
                        "endLine": 216,
                        "endColumn": 12,
                        "endOffset": 16812
                    }
                }
            },
            {
                "to": {
                    "startLine": 200,
                    "startColumn": 4,
                    "startOffset": 15014,
                    "endColumn": 92,
                    "endOffset": 15102
                },
                "from": {
                    "file": "C:\\Users\\shashami\\StudioProjects\\FeedFood\\app\\build\\intermediates\\exploded-aar\\com.android.support\\appcompat-v7\\23.1.1\\res\\values-v21\\values-v21.xml",
                    "position": {
                        "startLine": 217,
                        "startColumn": 4,
                        "startOffset": 16817,
                        "endColumn": 92,
                        "endOffset": 16905
                    }
                }
            },
            {
                "to": {
                    "startLine": 201,
                    "startColumn": 4,
                    "startOffset": 15107,
                    "endColumn": 110,
                    "endOffset": 15213
                },
                "from": {
                    "file": "C:\\Users\\shashami\\StudioProjects\\FeedFood\\app\\build\\intermediates\\exploded-aar\\com.android.support\\appcompat-v7\\23.1.1\\res\\values-v21\\values-v21.xml",
                    "position": {
                        "startLine": 218,
                        "startColumn": 4,
                        "startOffset": 16910,
                        "endColumn": 110,
                        "endOffset": 17016
                    }
                }
            },
            {
                "to": {
                    "startLine": 202,
                    "startColumn": 4,
                    "startOffset": 15218,
                    "endColumn": 55,
                    "endOffset": 15269
                },
                "from": {
                    "file": "C:\\Users\\shashami\\StudioProjects\\FeedFood\\app\\build\\intermediates\\exploded-aar\\com.android.support\\appcompat-v7\\23.1.1\\res\\values-v21\\values-v21.xml",
                    "position": {
                        "startLine": 219,
                        "startColumn": 4,
                        "startOffset": 17021,
                        "endColumn": 55,
                        "endOffset": 17072
                    }
                }
            },
            {
                "to": {
                    "startLine": 203,
                    "startColumn": 4,
                    "startOffset": 15274,
                    "endLine": 204,
                    "endColumn": 12,
                    "endOffset": 15376
                },
                "from": {
                    "file": "C:\\Users\\shashami\\StudioProjects\\FeedFood\\app\\build\\intermediates\\exploded-aar\\com.android.support\\appcompat-v7\\23.1.1\\res\\values-v21\\values-v21.xml",
                    "position": {
                        "startLine": 220,
                        "startColumn": 4,
                        "startOffset": 17077,
                        "endLine": 221,
                        "endColumn": 12,
                        "endOffset": 17179
                    }
                }
            },
            {
                "to": {
                    "startLine": 205,
                    "startColumn": 4,
                    "startOffset": 15381,
                    "endLine": 208,
                    "endColumn": 12,
                    "endOffset": 15571
                },
                "from": {
                    "file": "C:\\Users\\shashami\\StudioProjects\\FeedFood\\app\\build\\intermediates\\exploded-aar\\com.android.support\\appcompat-v7\\23.1.1\\res\\values-v21\\values-v21.xml",
                    "position": {
                        "startLine": 222,
                        "startColumn": 4,
                        "startOffset": 17184,
                        "endLine": 225,
                        "endColumn": 12,
                        "endOffset": 17374
                    }
                }
            },
            {
                "to": {
                    "startLine": 209,
                    "startColumn": 4,
                    "startOffset": 15576,
                    "endLine": 210,
                    "endColumn": 12,
                    "endOffset": 15682
                },
                "from": {
                    "file": "C:\\Users\\shashami\\StudioProjects\\FeedFood\\app\\build\\intermediates\\exploded-aar\\com.android.support\\appcompat-v7\\23.1.1\\res\\values-v21\\values-v21.xml",
                    "position": {
                        "startLine": 226,
                        "startColumn": 4,
                        "startOffset": 17379,
                        "endLine": 227,
                        "endColumn": 12,
                        "endOffset": 17485
                    }
                }
            },
            {
                "to": {
                    "startLine": 211,
                    "startColumn": 4,
                    "startOffset": 15687,
                    "endLine": 212,
                    "endColumn": 12,
                    "endOffset": 15815
                },
                "from": {
                    "file": "C:\\Users\\shashami\\StudioProjects\\FeedFood\\app\\build\\intermediates\\exploded-aar\\com.android.support\\appcompat-v7\\23.1.1\\res\\values-v21\\values-v21.xml",
                    "position": {
                        "startLine": 228,
                        "startColumn": 4,
                        "startOffset": 17490,
                        "endLine": 229,
                        "endColumn": 12,
                        "endOffset": 17618
                    }
                }
            },
            {
                "to": {
                    "startLine": 213,
                    "startColumn": 4,
                    "startOffset": 15820,
                    "endColumn": 94,
                    "endOffset": 15910
                },
                "from": {
                    "file": "C:\\Users\\shashami\\StudioProjects\\FeedFood\\app\\build\\intermediates\\exploded-aar\\com.android.support\\appcompat-v7\\23.1.1\\res\\values-v21\\values-v21.xml",
                    "position": {
                        "startLine": 230,
                        "startColumn": 4,
                        "startOffset": 17623,
                        "endColumn": 94,
                        "endOffset": 17713
                    }
                }
            },
            {
                "to": {
                    "startLine": 214,
                    "startColumn": 4,
                    "startOffset": 15915,
                    "endColumn": 90,
                    "endOffset": 16001
                },
                "from": {
                    "file": "C:\\Users\\shashami\\StudioProjects\\FeedFood\\app\\build\\intermediates\\exploded-aar\\com.android.support\\appcompat-v7\\23.1.1\\res\\values-v21\\values-v21.xml",
                    "position": {
                        "startLine": 231,
                        "startColumn": 4,
                        "startOffset": 17718,
                        "endColumn": 90,
                        "endOffset": 17804
                    }
                }
            },
            {
                "to": {
                    "startLine": 215,
                    "startColumn": 4,
                    "startOffset": 16006,
                    "endColumn": 90,
                    "endOffset": 16092
                },
                "from": {
                    "file": "C:\\Users\\shashami\\StudioProjects\\FeedFood\\app\\build\\intermediates\\exploded-aar\\com.android.support\\appcompat-v7\\23.1.1\\res\\values-v21\\values-v21.xml",
                    "position": {
                        "startLine": 232,
                        "startColumn": 4,
                        "startOffset": 17809,
                        "endColumn": 90,
                        "endOffset": 17895
                    }
                }
            },
            {
                "to": {
                    "startLine": 216,
                    "startColumn": 4,
                    "startOffset": 16097,
                    "endColumn": 116,
                    "endOffset": 16209
                },
                "from": {
                    "file": "C:\\Users\\shashami\\StudioProjects\\FeedFood\\app\\build\\intermediates\\exploded-aar\\com.android.support\\appcompat-v7\\23.1.1\\res\\values-v21\\values-v21.xml",
                    "position": {
                        "startLine": 233,
                        "startColumn": 4,
                        "startOffset": 17900,
                        "endColumn": 116,
                        "endOffset": 18012
                    }
                }
            },
            {
                "to": {
                    "startLine": 217,
                    "startColumn": 4,
                    "startOffset": 16214,
                    "endLine": 218,
                    "endColumn": 12,
                    "endOffset": 16348
                },
                "from": {
                    "file": "C:\\Users\\shashami\\StudioProjects\\FeedFood\\app\\build\\intermediates\\exploded-aar\\com.android.support\\appcompat-v7\\23.1.1\\res\\values-v21\\values-v21.xml",
                    "position": {
                        "startLine": 234,
                        "startColumn": 4,
                        "startOffset": 18017,
                        "endLine": 235,
                        "endColumn": 12,
                        "endOffset": 18151
                    }
                }
            },
            {
                "to": {
                    "startLine": 219,
                    "startColumn": 4,
                    "startOffset": 16353,
                    "endLine": 225,
                    "endColumn": 12,
                    "endOffset": 16701
                },
                "from": {
                    "file": "C:\\Users\\shashami\\StudioProjects\\FeedFood\\app\\build\\intermediates\\exploded-aar\\com.android.support\\appcompat-v7\\23.1.1\\res\\values-v21\\values-v21.xml",
                    "position": {
                        "startLine": 238,
                        "startColumn": 4,
                        "startOffset": 18335,
                        "endLine": 244,
                        "endColumn": 12,
                        "endOffset": 18683
                    }
                }
            },
            {
                "to": {
                    "startLine": 226,
                    "startColumn": 4,
                    "startOffset": 16706,
                    "endLine": 232,
                    "endColumn": 12,
                    "endOffset": 17066
                },
                "from": {
                    "file": "C:\\Users\\shashami\\StudioProjects\\FeedFood\\app\\build\\intermediates\\exploded-aar\\com.android.support\\appcompat-v7\\23.1.1\\res\\values-v21\\values-v21.xml",
                    "position": {
                        "startLine": 245,
                        "startColumn": 4,
                        "startOffset": 18688,
                        "endLine": 251,
                        "endColumn": 12,
                        "endOffset": 19048
                    }
                }
            },
            {
                "to": {
                    "startLine": 233,
                    "startColumn": 4,
                    "startOffset": 17071,
                    "endLine": 242,
                    "endColumn": 12,
                    "endOffset": 17746
                },
                "from": {
                    "file": "C:\\Users\\shashami\\StudioProjects\\FeedFood\\app\\build\\intermediates\\exploded-aar\\com.android.support\\appcompat-v7\\23.1.1\\res\\values-v21\\values-v21.xml",
                    "position": {
                        "startLine": 252,
                        "startColumn": 4,
                        "startOffset": 19053,
                        "endLine": 261,
                        "endColumn": 12,
                        "endOffset": 19728
                    }
                }
            },
            {
                "to": {
                    "startLine": 243,
                    "startColumn": 4,
                    "startOffset": 17751,
                    "endColumn": 56,
                    "endOffset": 17803
                },
                "from": {
                    "file": "C:\\Users\\shashami\\StudioProjects\\FeedFood\\app\\build\\intermediates\\exploded-aar\\com.android.support\\appcompat-v7\\23.1.1\\res\\values-v21\\values-v21.xml",
                    "position": {
                        "startLine": 262,
                        "startColumn": 4,
                        "startOffset": 19733,
                        "endColumn": 56,
                        "endOffset": 19785
                    }
                }
            },
            {
                "to": {
                    "startLine": 244,
                    "startColumn": 4,
                    "startOffset": 17808,
                    "endColumn": 57,
                    "endOffset": 17861
                },
                "from": {
                    "file": "C:\\Users\\shashami\\StudioProjects\\FeedFood\\app\\build\\intermediates\\exploded-aar\\com.android.support\\appcompat-v7\\23.1.1\\res\\values-v21\\values-v21.xml",
                    "position": {
                        "startLine": 263,
                        "startColumn": 4,
                        "startOffset": 19790,
                        "endColumn": 57,
                        "endOffset": 19843
                    }
                }
            },
            {
                "to": {
                    "startLine": 245,
                    "startColumn": 4,
                    "startOffset": 17866,
                    "endColumn": 121,
                    "endOffset": 17983
                },
                "from": {
                    "file": "C:\\Users\\shashami\\StudioProjects\\FeedFood\\app\\build\\intermediates\\exploded-aar\\com.google.android.gms\\play-services-appinvite\\8.4.0\\res\\values-v21\\appinvite_styles.xml",
                    "position": {
                        "startLine": 4,
                        "startColumn": 4,
                        "startOffset": 101,
                        "endColumn": 121,
                        "endOffset": 218
                    }
                }
            }
        ]
    }
]