[
    {
        "outputFile": "C:\\Users\\shashami\\StudioProjects\\FeedFood\\app\\build\\intermediates\\res\\merged\\debug\\values-zh-rHK\\values-zh-rHK.xml",
        "map": [
            {
                "to": {
                    "startLine": 2,
                    "startColumn": 4,
                    "startOffset": 105,
                    "endColumn": 94,
                    "endOffset": 195
                },
                "from": {
                    "file": "C:\\Users\\shashami\\StudioProjects\\FeedFood\\app\\build\\intermediates\\exploded-aar\\com.android.support\\appcompat-v7\\23.1.1\\res\\values-zh-rHK\\values-zh-rHK.xml",
                    "position": {
                        "startLine": 4,
                        "startColumn": 4,
                        "startOffset": 233,
                        "endColumn": 94,
                        "endOffset": 323
                    }
                }
            },
            {
                "to": {
                    "startLine": 3,
                    "startColumn": 4,
                    "startOffset": 200,
                    "endColumn": 106,
                    "endOffset": 302
                },
                "from": {
                    "file": "C:\\Users\\shashami\\StudioProjects\\FeedFood\\app\\build\\intermediates\\exploded-aar\\com.android.support\\appcompat-v7\\23.1.1\\res\\values-zh-rHK\\values-zh-rHK.xml",
                    "position": {
                        "startLine": 5,
                        "startColumn": 4,
                        "startOffset": 328,
                        "endColumn": 106,
                        "endOffset": 430
                    }
                }
            },
            {
                "to": {
                    "startLine": 4,
                    "startColumn": 4,
                    "startOffset": 307,
                    "endColumn": 122,
                    "endOffset": 425
                },
                "from": {
                    "file": "C:\\Users\\shashami\\StudioProjects\\FeedFood\\app\\build\\intermediates\\exploded-aar\\com.android.support\\appcompat-v7\\23.1.1\\res\\values-zh-rHK\\values-zh-rHK.xml",
                    "position": {
                        "startLine": 6,
                        "startColumn": 4,
                        "startOffset": 435,
                        "endColumn": 122,
                        "endOffset": 553
                    }
                }
            },
            {
                "to": {
                    "startLine": 5,
                    "startColumn": 4,
                    "startOffset": 430,
                    "endColumn": 92,
                    "endOffset": 518
                },
                "from": {
                    "file": "C:\\Users\\shashami\\StudioProjects\\FeedFood\\app\\build\\intermediates\\exploded-aar\\com.android.support\\appcompat-v7\\23.1.1\\res\\values-zh-rHK\\values-zh-rHK.xml",
                    "position": {
                        "startLine": 7,
                        "startColumn": 4,
                        "startOffset": 558,
                        "endColumn": 92,
                        "endOffset": 646
                    }
                }
            },
            {
                "to": {
                    "startLine": 6,
                    "startColumn": 4,
                    "startOffset": 523,
                    "endColumn": 99,
                    "endOffset": 618
                },
                "from": {
                    "file": "C:\\Users\\shashami\\StudioProjects\\FeedFood\\app\\build\\intermediates\\exploded-aar\\com.android.support\\appcompat-v7\\23.1.1\\res\\values-zh-rHK\\values-zh-rHK.xml",
                    "position": {
                        "startLine": 8,
                        "startColumn": 4,
                        "startOffset": 651,
                        "endColumn": 99,
                        "endOffset": 746
                    }
                }
            },
            {
                "to": {
                    "startLine": 7,
                    "startColumn": 4,
                    "startOffset": 623,
                    "endColumn": 81,
                    "endOffset": 700
                },
                "from": {
                    "file": "C:\\Users\\shashami\\StudioProjects\\FeedFood\\app\\build\\intermediates\\exploded-aar\\com.android.support\\appcompat-v7\\23.1.1\\res\\values-zh-rHK\\values-zh-rHK.xml",
                    "position": {
                        "startLine": 9,
                        "startColumn": 4,
                        "startOffset": 751,
                        "endColumn": 81,
                        "endOffset": 828
                    }
                }
            },
            {
                "to": {
                    "startLine": 8,
                    "startColumn": 4,
                    "startOffset": 705,
                    "endColumn": 96,
                    "endOffset": 797
                },
                "from": {
                    "file": "C:\\Users\\shashami\\StudioProjects\\FeedFood\\app\\build\\intermediates\\exploded-aar\\com.android.support\\appcompat-v7\\23.1.1\\res\\values-zh-rHK\\values-zh-rHK.xml",
                    "position": {
                        "startLine": 10,
                        "startColumn": 4,
                        "startOffset": 833,
                        "endColumn": 96,
                        "endOffset": 925
                    }
                }
            },
            {
                "to": {
                    "startLine": 9,
                    "startColumn": 4,
                    "startOffset": 802,
                    "endColumn": 107,
                    "endOffset": 905
                },
                "from": {
                    "file": "C:\\Users\\shashami\\StudioProjects\\FeedFood\\app\\build\\intermediates\\exploded-aar\\com.android.support\\appcompat-v7\\23.1.1\\res\\values-zh-rHK\\values-zh-rHK.xml",
                    "position": {
                        "startLine": 11,
                        "startColumn": 4,
                        "startOffset": 930,
                        "endColumn": 107,
                        "endOffset": 1033
                    }
                }
            },
            {
                "to": {
                    "startLine": 10,
                    "startColumn": 4,
                    "startOffset": 910,
                    "endColumn": 75,
                    "endOffset": 981
                },
                "from": {
                    "file": "C:\\Users\\shashami\\StudioProjects\\FeedFood\\app\\build\\intermediates\\exploded-aar\\com.android.support\\appcompat-v7\\23.1.1\\res\\values-zh-rHK\\values-zh-rHK.xml",
                    "position": {
                        "startLine": 12,
                        "startColumn": 4,
                        "startOffset": 1038,
                        "endColumn": 75,
                        "endOffset": 1109
                    }
                }
            },
            {
                "to": {
                    "startLine": 11,
                    "startColumn": 4,
                    "startOffset": 986,
                    "endColumn": 75,
                    "endOffset": 1057
                },
                "from": {
                    "file": "C:\\Users\\shashami\\StudioProjects\\FeedFood\\app\\build\\intermediates\\exploded-aar\\com.android.support\\appcompat-v7\\23.1.1\\res\\values-zh-rHK\\values-zh-rHK.xml",
                    "position": {
                        "startLine": 13,
                        "startColumn": 4,
                        "startOffset": 1114,
                        "endColumn": 75,
                        "endOffset": 1185
                    }
                }
            },
            {
                "to": {
                    "startLine": 12,
                    "startColumn": 4,
                    "startOffset": 1062,
                    "endColumn": 77,
                    "endOffset": 1135
                },
                "from": {
                    "file": "C:\\Users\\shashami\\StudioProjects\\FeedFood\\app\\build\\intermediates\\exploded-aar\\com.android.support\\appcompat-v7\\23.1.1\\res\\values-zh-rHK\\values-zh-rHK.xml",
                    "position": {
                        "startLine": 14,
                        "startColumn": 4,
                        "startOffset": 1190,
                        "endColumn": 77,
                        "endOffset": 1263
                    }
                }
            },
            {
                "to": {
                    "startLine": 13,
                    "startColumn": 4,
                    "startOffset": 1140,
                    "endColumn": 95,
                    "endOffset": 1231
                },
                "from": {
                    "file": "C:\\Users\\shashami\\StudioProjects\\FeedFood\\app\\build\\intermediates\\exploded-aar\\com.android.support\\appcompat-v7\\23.1.1\\res\\values-zh-rHK\\values-zh-rHK.xml",
                    "position": {
                        "startLine": 15,
                        "startColumn": 4,
                        "startOffset": 1268,
                        "endColumn": 95,
                        "endOffset": 1359
                    }
                }
            },
            {
                "to": {
                    "startLine": 14,
                    "startColumn": 4,
                    "startOffset": 1236,
                    "endColumn": 95,
                    "endOffset": 1327
                },
                "from": {
                    "file": "C:\\Users\\shashami\\StudioProjects\\FeedFood\\app\\build\\intermediates\\exploded-aar\\com.android.support\\appcompat-v7\\23.1.1\\res\\values-zh-rHK\\values-zh-rHK.xml",
                    "position": {
                        "startLine": 16,
                        "startColumn": 4,
                        "startOffset": 1364,
                        "endColumn": 95,
                        "endOffset": 1455
                    }
                }
            },
            {
                "to": {
                    "startLine": 15,
                    "startColumn": 4,
                    "startOffset": 1332,
                    "endColumn": 94,
                    "endOffset": 1422
                },
                "from": {
                    "file": "C:\\Users\\shashami\\StudioProjects\\FeedFood\\app\\build\\intermediates\\exploded-aar\\com.android.support\\appcompat-v7\\23.1.1\\res\\values-zh-rHK\\values-zh-rHK.xml",
                    "position": {
                        "startLine": 17,
                        "startColumn": 4,
                        "startOffset": 1460,
                        "endColumn": 94,
                        "endOffset": 1550
                    }
                }
            },
            {
                "to": {
                    "startLine": 16,
                    "startColumn": 4,
                    "startOffset": 1427,
                    "endColumn": 96,
                    "endOffset": 1519
                },
                "from": {
                    "file": "C:\\Users\\shashami\\StudioProjects\\FeedFood\\app\\build\\intermediates\\exploded-aar\\com.android.support\\appcompat-v7\\23.1.1\\res\\values-zh-rHK\\values-zh-rHK.xml",
                    "position": {
                        "startLine": 18,
                        "startColumn": 4,
                        "startOffset": 1555,
                        "endColumn": 96,
                        "endOffset": 1647
                    }
                }
            },
            {
                "to": {
                    "startLine": 17,
                    "startColumn": 4,
                    "startOffset": 1524,
                    "endColumn": 94,
                    "endOffset": 1614
                },
                "from": {
                    "file": "C:\\Users\\shashami\\StudioProjects\\FeedFood\\app\\build\\intermediates\\exploded-aar\\com.android.support\\appcompat-v7\\23.1.1\\res\\values-zh-rHK\\values-zh-rHK.xml",
                    "position": {
                        "startLine": 19,
                        "startColumn": 4,
                        "startOffset": 1652,
                        "endColumn": 94,
                        "endOffset": 1742
                    }
                }
            },
            {
                "to": {
                    "startLine": 18,
                    "startColumn": 4,
                    "startOffset": 1619,
                    "endColumn": 97,
                    "endOffset": 1712
                },
                "from": {
                    "file": "C:\\Users\\shashami\\StudioProjects\\FeedFood\\app\\build\\intermediates\\exploded-aar\\com.android.support\\appcompat-v7\\23.1.1\\res\\values-zh-rHK\\values-zh-rHK.xml",
                    "position": {
                        "startLine": 20,
                        "startColumn": 4,
                        "startOffset": 1747,
                        "endColumn": 97,
                        "endOffset": 1840
                    }
                }
            },
            {
                "to": {
                    "startLine": 19,
                    "startColumn": 4,
                    "startOffset": 1717,
                    "endColumn": 112,
                    "endOffset": 1825
                },
                "from": {
                    "file": "C:\\Users\\shashami\\StudioProjects\\FeedFood\\app\\build\\intermediates\\exploded-aar\\com.android.support\\appcompat-v7\\23.1.1\\res\\values-zh-rHK\\values-zh-rHK.xml",
                    "position": {
                        "startLine": 21,
                        "startColumn": 4,
                        "startOffset": 1845,
                        "endColumn": 112,
                        "endOffset": 1953
                    }
                }
            },
            {
                "to": {
                    "startLine": 20,
                    "startColumn": 4,
                    "startOffset": 1830,
                    "endColumn": 93,
                    "endOffset": 1919
                },
                "from": {
                    "file": "C:\\Users\\shashami\\StudioProjects\\FeedFood\\app\\build\\intermediates\\exploded-aar\\com.android.support\\appcompat-v7\\23.1.1\\res\\values-zh-rHK\\values-zh-rHK.xml",
                    "position": {
                        "startLine": 22,
                        "startColumn": 4,
                        "startOffset": 1958,
                        "endColumn": 93,
                        "endOffset": 2047
                    }
                }
            },
            {
                "to": {
                    "startLine": 21,
                    "startColumn": 4,
                    "startOffset": 1924,
                    "endColumn": 184,
                    "endOffset": 2104
                },
                "from": {
                    "file": "C:\\Users\\shashami\\StudioProjects\\FeedFood\\app\\build\\intermediates\\exploded-aar\\com.google.android.gms\\play-services-base\\8.4.0\\res\\values-zh-rHK\\base_strings.xml",
                    "position": {
                        "startLine": 24,
                        "startColumn": 4,
                        "startOffset": 2973,
                        "endColumn": 188,
                        "endOffset": 3157
                    }
                }
            },
            {
                "to": {
                    "startLine": 22,
                    "startColumn": 4,
                    "startOffset": 2109,
                    "endColumn": 117,
                    "endOffset": 2222
                },
                "from": {
                    "file": "C:\\Users\\shashami\\StudioProjects\\FeedFood\\app\\build\\intermediates\\exploded-aar\\com.google.android.gms\\play-services-base\\8.4.0\\res\\values-zh-rHK\\base_strings.xml",
                    "position": {
                        "startLine": 10,
                        "startColumn": 4,
                        "startOffset": 1166,
                        "endColumn": 117,
                        "endOffset": 1279
                    }
                }
            },
            {
                "to": {
                    "startLine": 23,
                    "startColumn": 4,
                    "startOffset": 2227,
                    "endColumn": 159,
                    "endOffset": 2382
                },
                "from": {
                    "file": "C:\\Users\\shashami\\StudioProjects\\FeedFood\\app\\build\\intermediates\\exploded-aar\\com.google.android.gms\\play-services-base\\8.4.0\\res\\values-zh-rHK\\base_strings.xml",
                    "position": {
                        "startLine": 9,
                        "startColumn": 4,
                        "startOffset": 1002,
                        "endColumn": 163,
                        "endOffset": 1161
                    }
                }
            },
            {
                "to": {
                    "startLine": 24,
                    "startColumn": 4,
                    "startOffset": 2387,
                    "endColumn": 116,
                    "endOffset": 2499
                },
                "from": {
                    "file": "C:\\Users\\shashami\\StudioProjects\\FeedFood\\app\\build\\intermediates\\exploded-aar\\com.google.android.gms\\play-services-base\\8.4.0\\res\\values-zh-rHK\\base_strings.xml",
                    "position": {
                        "startLine": 8,
                        "startColumn": 4,
                        "startOffset": 885,
                        "endColumn": 116,
                        "endOffset": 997
                    }
                }
            },
            {
                "to": {
                    "startLine": 25,
                    "startColumn": 4,
                    "startOffset": 2504,
                    "endColumn": 118,
                    "endOffset": 2618
                },
                "from": {
                    "file": "C:\\Users\\shashami\\StudioProjects\\FeedFood\\app\\build\\intermediates\\exploded-aar\\com.google.android.gms\\play-services-base\\8.4.0\\res\\values-zh-rHK\\base_strings.xml",
                    "position": {
                        "startLine": 7,
                        "startColumn": 4,
                        "startOffset": 766,
                        "endColumn": 118,
                        "endOffset": 880
                    }
                }
            },
            {
                "to": {
                    "startLine": 26,
                    "startColumn": 4,
                    "startOffset": 2623,
                    "endColumn": 171,
                    "endOffset": 2790
                },
                "from": {
                    "file": "C:\\Users\\shashami\\StudioProjects\\FeedFood\\app\\build\\intermediates\\exploded-aar\\com.google.android.gms\\play-services-base\\8.4.0\\res\\values-zh-rHK\\base_strings.xml",
                    "position": {
                        "startLine": 5,
                        "startColumn": 4,
                        "startOffset": 411,
                        "endColumn": 175,
                        "endOffset": 582
                    }
                }
            },
            {
                "to": {
                    "startLine": 27,
                    "startColumn": 4,
                    "startOffset": 2795,
                    "endColumn": 174,
                    "endOffset": 2965
                },
                "from": {
                    "file": "C:\\Users\\shashami\\StudioProjects\\FeedFood\\app\\build\\intermediates\\exploded-aar\\com.google.android.gms\\play-services-base\\8.4.0\\res\\values-zh-rHK\\base_strings.xml",
                    "position": {
                        "startLine": 6,
                        "startColumn": 4,
                        "startOffset": 587,
                        "endColumn": 178,
                        "endOffset": 761
                    }
                }
            },
            {
                "to": {
                    "startLine": 28,
                    "startColumn": 4,
                    "startOffset": 2970,
                    "endColumn": 117,
                    "endOffset": 3083
                },
                "from": {
                    "file": "C:\\Users\\shashami\\StudioProjects\\FeedFood\\app\\build\\intermediates\\exploded-aar\\com.google.android.gms\\play-services-base\\8.4.0\\res\\values-zh-rHK\\base_strings.xml",
                    "position": {
                        "startLine": 4,
                        "startColumn": 4,
                        "startOffset": 293,
                        "endColumn": 117,
                        "endOffset": 406
                    }
                }
            },
            {
                "to": {
                    "startLine": 29,
                    "startColumn": 4,
                    "startOffset": 3088,
                    "endColumn": 127,
                    "endOffset": 3211
                },
                "from": {
                    "file": "C:\\Users\\shashami\\StudioProjects\\FeedFood\\app\\build\\intermediates\\exploded-aar\\com.google.android.gms\\play-services-base\\8.4.0\\res\\values-zh-rHK\\base_strings.xml",
                    "position": {
                        "startLine": 19,
                        "startColumn": 4,
                        "startOffset": 2351,
                        "endColumn": 127,
                        "endOffset": 2474
                    }
                }
            },
            {
                "to": {
                    "startLine": 30,
                    "startColumn": 4,
                    "startOffset": 3216,
                    "endColumn": 109,
                    "endOffset": 3321
                },
                "from": {
                    "file": "C:\\Users\\shashami\\StudioProjects\\FeedFood\\app\\build\\intermediates\\exploded-aar\\com.google.android.gms\\play-services-base\\8.4.0\\res\\values-zh-rHK\\base_strings.xml",
                    "position": {
                        "startLine": 18,
                        "startColumn": 4,
                        "startOffset": 2241,
                        "endColumn": 109,
                        "endOffset": 2346
                    }
                }
            },
            {
                "to": {
                    "startLine": 31,
                    "startColumn": 4,
                    "startOffset": 3326,
                    "endColumn": 135,
                    "endOffset": 3457
                },
                "from": {
                    "file": "C:\\Users\\shashami\\StudioProjects\\FeedFood\\app\\build\\intermediates\\exploded-aar\\com.google.android.gms\\play-services-base\\8.4.0\\res\\values-zh-rHK\\base_strings.xml",
                    "position": {
                        "startLine": 17,
                        "startColumn": 4,
                        "startOffset": 2105,
                        "endColumn": 135,
                        "endOffset": 2236
                    }
                }
            },
            {
                "to": {
                    "startLine": 32,
                    "startColumn": 4,
                    "startOffset": 3462,
                    "endColumn": 110,
                    "endOffset": 3568
                },
                "from": {
                    "file": "C:\\Users\\shashami\\StudioProjects\\FeedFood\\app\\build\\intermediates\\exploded-aar\\com.google.android.gms\\play-services-base\\8.4.0\\res\\values-zh-rHK\\base_strings.xml",
                    "position": {
                        "startLine": 16,
                        "startColumn": 4,
                        "startOffset": 1994,
                        "endColumn": 110,
                        "endOffset": 2100
                    }
                }
            },
            {
                "to": {
                    "startLine": 33,
                    "startColumn": 4,
                    "startOffset": 3573,
                    "endColumn": 122,
                    "endOffset": 3691
                },
                "from": {
                    "file": "C:\\Users\\shashami\\StudioProjects\\FeedFood\\app\\build\\intermediates\\exploded-aar\\com.google.android.gms\\play-services-base\\8.4.0\\res\\values-zh-rHK\\base_strings.xml",
                    "position": {
                        "startLine": 3,
                        "startColumn": 4,
                        "startOffset": 170,
                        "endColumn": 122,
                        "endOffset": 288
                    }
                }
            },
            {
                "to": {
                    "startLine": 34,
                    "startColumn": 4,
                    "startOffset": 3696,
                    "endColumn": 127,
                    "endOffset": 3819
                },
                "from": {
                    "file": "C:\\Users\\shashami\\StudioProjects\\FeedFood\\app\\build\\intermediates\\exploded-aar\\com.google.android.gms\\play-services-base\\8.4.0\\res\\values-zh-rHK\\base_strings.xml",
                    "position": {
                        "startLine": 28,
                        "startColumn": 4,
                        "startOffset": 3519,
                        "endColumn": 127,
                        "endOffset": 3642
                    }
                }
            },
            {
                "to": {
                    "startLine": 35,
                    "startColumn": 4,
                    "startOffset": 3824,
                    "endColumn": 119,
                    "endOffset": 3939
                },
                "from": {
                    "file": "C:\\Users\\shashami\\StudioProjects\\FeedFood\\app\\build\\intermediates\\exploded-aar\\com.google.android.gms\\play-services-base\\8.4.0\\res\\values-zh-rHK\\base_strings.xml",
                    "position": {
                        "startLine": 27,
                        "startColumn": 4,
                        "startOffset": 3399,
                        "endColumn": 119,
                        "endOffset": 3514
                    }
                }
            },
            {
                "to": {
                    "startLine": 36,
                    "startColumn": 4,
                    "startOffset": 3944,
                    "endColumn": 124,
                    "endOffset": 4064
                },
                "from": {
                    "file": "C:\\Users\\shashami\\StudioProjects\\FeedFood\\app\\build\\intermediates\\exploded-aar\\com.google.android.gms\\play-services-base\\8.4.0\\res\\values-zh-rHK\\base_strings.xml",
                    "position": {
                        "startLine": 26,
                        "startColumn": 4,
                        "startOffset": 3274,
                        "endColumn": 124,
                        "endOffset": 3394
                    }
                }
            },
            {
                "to": {
                    "startLine": 37,
                    "startColumn": 4,
                    "startOffset": 4069,
                    "endColumn": 111,
                    "endOffset": 4176
                },
                "from": {
                    "file": "C:\\Users\\shashami\\StudioProjects\\FeedFood\\app\\build\\intermediates\\exploded-aar\\com.google.android.gms\\play-services-base\\8.4.0\\res\\values-zh-rHK\\base_strings.xml",
                    "position": {
                        "startLine": 25,
                        "startColumn": 4,
                        "startOffset": 3162,
                        "endColumn": 111,
                        "endOffset": 3269
                    }
                }
            },
            {
                "to": {
                    "startLine": 38,
                    "startColumn": 4,
                    "startOffset": 4181,
                    "endColumn": 177,
                    "endOffset": 4354
                },
                "from": {
                    "file": "C:\\Users\\shashami\\StudioProjects\\FeedFood\\app\\build\\intermediates\\exploded-aar\\com.google.android.gms\\play-services-basement\\8.4.0\\res\\values-zh-rHK\\common_strings.xml",
                    "position": {
                        "startLine": 3,
                        "startColumn": 4,
                        "startOffset": 170,
                        "endColumn": 181,
                        "endOffset": 347
                    }
                }
            },
            {
                "to": {
                    "startLine": 39,
                    "startColumn": 4,
                    "startOffset": 4359,
                    "endColumn": 184,
                    "endOffset": 4539
                },
                "from": {
                    "file": "C:\\Users\\shashami\\StudioProjects\\FeedFood\\app\\build\\intermediates\\exploded-aar\\com.google.android.gms\\play-services-base\\8.4.0\\res\\values-zh-rHK\\base_strings.xml",
                    "position": {
                        "startLine": 21,
                        "startColumn": 4,
                        "startOffset": 2597,
                        "endColumn": 188,
                        "endOffset": 2781
                    }
                }
            },
            {
                "to": {
                    "startLine": 40,
                    "startColumn": 4,
                    "startOffset": 4544,
                    "endColumn": 117,
                    "endOffset": 4657
                },
                "from": {
                    "file": "C:\\Users\\shashami\\StudioProjects\\FeedFood\\app\\build\\intermediates\\exploded-aar\\com.google.android.gms\\play-services-base\\8.4.0\\res\\values-zh-rHK\\base_strings.xml",
                    "position": {
                        "startLine": 20,
                        "startColumn": 4,
                        "startOffset": 2479,
                        "endColumn": 117,
                        "endOffset": 2592
                    }
                }
            },
            {
                "to": {
                    "startLine": 41,
                    "startColumn": 4,
                    "startOffset": 4662,
                    "endColumn": 102,
                    "endOffset": 4760
                },
                "from": {
                    "file": "C:\\Users\\shashami\\StudioProjects\\FeedFood\\app\\build\\intermediates\\exploded-aar\\com.google.android.gms\\play-services-base\\8.4.0\\res\\values-zh-rHK\\base_strings.xml",
                    "position": {
                        "startLine": 22,
                        "startColumn": 4,
                        "startOffset": 2786,
                        "endColumn": 102,
                        "endOffset": 2884
                    }
                }
            },
            {
                "to": {
                    "startLine": 42,
                    "startColumn": 4,
                    "startOffset": 4765,
                    "endColumn": 159,
                    "endOffset": 4920
                },
                "from": {
                    "file": "C:\\Users\\shashami\\StudioProjects\\FeedFood\\app\\build\\intermediates\\exploded-aar\\com.google.android.gms\\play-services-base\\8.4.0\\res\\values-zh-rHK\\base_strings.xml",
                    "position": {
                        "startLine": 12,
                        "startColumn": 4,
                        "startOffset": 1401,
                        "endColumn": 163,
                        "endOffset": 1560
                    }
                }
            },
            {
                "to": {
                    "startLine": 43,
                    "startColumn": 4,
                    "startOffset": 4925,
                    "endColumn": 116,
                    "endOffset": 5037
                },
                "from": {
                    "file": "C:\\Users\\shashami\\StudioProjects\\FeedFood\\app\\build\\intermediates\\exploded-aar\\com.google.android.gms\\play-services-base\\8.4.0\\res\\values-zh-rHK\\base_strings.xml",
                    "position": {
                        "startLine": 11,
                        "startColumn": 4,
                        "startOffset": 1284,
                        "endColumn": 116,
                        "endOffset": 1396
                    }
                }
            },
            {
                "to": {
                    "startLine": 44,
                    "startColumn": 4,
                    "startOffset": 5042,
                    "endColumn": 165,
                    "endOffset": 5203
                },
                "from": {
                    "file": "C:\\Users\\shashami\\StudioProjects\\FeedFood\\app\\build\\intermediates\\exploded-aar\\com.google.android.gms\\play-services-base\\8.4.0\\res\\values-zh-rHK\\base_strings.xml",
                    "position": {
                        "startLine": 15,
                        "startColumn": 4,
                        "startOffset": 1824,
                        "endColumn": 169,
                        "endOffset": 1989
                    }
                }
            },
            {
                "to": {
                    "startLine": 45,
                    "startColumn": 4,
                    "startOffset": 5208,
                    "endColumn": 120,
                    "endOffset": 5324
                },
                "from": {
                    "file": "C:\\Users\\shashami\\StudioProjects\\FeedFood\\app\\build\\intermediates\\exploded-aar\\com.google.android.gms\\play-services-base\\8.4.0\\res\\values-zh-rHK\\base_strings.xml",
                    "position": {
                        "startLine": 14,
                        "startColumn": 4,
                        "startOffset": 1703,
                        "endColumn": 120,
                        "endOffset": 1819
                    }
                }
            },
            {
                "to": {
                    "startLine": 46,
                    "startColumn": 4,
                    "startOffset": 5329,
                    "endColumn": 137,
                    "endOffset": 5462
                },
                "from": {
                    "file": "C:\\Users\\shashami\\StudioProjects\\FeedFood\\app\\build\\intermediates\\exploded-aar\\com.google.android.gms\\play-services-base\\8.4.0\\res\\values-zh-rHK\\base_strings.xml",
                    "position": {
                        "startLine": 13,
                        "startColumn": 4,
                        "startOffset": 1565,
                        "endColumn": 137,
                        "endOffset": 1698
                    }
                }
            },
            {
                "to": {
                    "startLine": 47,
                    "startColumn": 4,
                    "startOffset": 5467,
                    "endColumn": 83,
                    "endOffset": 5546
                },
                "from": {
                    "file": "C:\\Users\\shashami\\StudioProjects\\FeedFood\\app\\build\\intermediates\\exploded-aar\\com.google.android.gms\\play-services-base\\8.4.0\\res\\values-zh-rHK\\base_strings.xml",
                    "position": {
                        "startLine": 23,
                        "startColumn": 4,
                        "startOffset": 2889,
                        "endColumn": 83,
                        "endOffset": 2968
                    }
                }
            },
            {
                "to": {
                    "startLine": 48,
                    "startColumn": 4,
                    "startOffset": 5551,
                    "endColumn": 86,
                    "endOffset": 5633
                },
                "from": {
                    "file": "C:\\Users\\shashami\\StudioProjects\\FeedFood\\app\\build\\intermediates\\exploded-aar\\com.google.android.gms\\play-services-base\\8.4.0\\res\\values-zh-rHK\\base_strings.xml",
                    "position": {
                        "startLine": 29,
                        "startColumn": 4,
                        "startOffset": 3647,
                        "endColumn": 86,
                        "endOffset": 3729
                    }
                }
            },
            {
                "to": {
                    "startLine": 49,
                    "startColumn": 4,
                    "startOffset": 5638,
                    "endColumn": 101,
                    "endOffset": 5735
                },
                "from": {
                    "file": "C:\\Users\\shashami\\StudioProjects\\FeedFood\\app\\build\\intermediates\\exploded-aar\\com.google.android.gms\\play-services-base\\8.4.0\\res\\values-zh-rHK\\base_strings.xml",
                    "position": {
                        "startLine": 30,
                        "startColumn": 4,
                        "startOffset": 3734,
                        "endColumn": 101,
                        "endOffset": 3831
                    }
                }
            },
            {
                "to": {
                    "startLine": 50,
                    "startColumn": 4,
                    "startOffset": 5740,
                    "endColumn": 102,
                    "endOffset": 5838
                },
                "from": {
                    "file": "C:\\Users\\shashami\\StudioProjects\\FeedFood\\app\\build\\intermediates\\exploded-aar\\com.android.support\\mediarouter-v7\\23.0.0\\res\\values-zh-rHK\\values-zh-rHK.xml",
                    "position": {
                        "startLine": 4,
                        "startColumn": 4,
                        "startOffset": 282,
                        "endColumn": 102,
                        "endOffset": 380
                    }
                }
            },
            {
                "to": {
                    "startLine": 51,
                    "startColumn": 4,
                    "startOffset": 5843,
                    "endColumn": 98,
                    "endOffset": 5937
                },
                "from": {
                    "file": "C:\\Users\\shashami\\StudioProjects\\FeedFood\\app\\build\\intermediates\\exploded-aar\\com.android.support\\mediarouter-v7\\23.0.0\\res\\values-zh-rHK\\values-zh-rHK.xml",
                    "position": {
                        "startLine": 5,
                        "startColumn": 4,
                        "startOffset": 385,
                        "endColumn": 98,
                        "endOffset": 479
                    }
                }
            },
            {
                "to": {
                    "startLine": 52,
                    "startColumn": 4,
                    "startOffset": 5942,
                    "endColumn": 92,
                    "endOffset": 6030
                },
                "from": {
                    "file": "C:\\Users\\shashami\\StudioProjects\\FeedFood\\app\\build\\intermediates\\exploded-aar\\com.android.support\\mediarouter-v7\\23.0.0\\res\\values-zh-rHK\\values-zh-rHK.xml",
                    "position": {
                        "startLine": 6,
                        "startColumn": 4,
                        "startOffset": 484,
                        "endColumn": 92,
                        "endOffset": 572
                    }
                }
            },
            {
                "to": {
                    "startLine": 53,
                    "startColumn": 4,
                    "startOffset": 6035,
                    "endColumn": 98,
                    "endOffset": 6129
                },
                "from": {
                    "file": "C:\\Users\\shashami\\StudioProjects\\FeedFood\\app\\build\\intermediates\\exploded-aar\\com.android.support\\mediarouter-v7\\23.0.0\\res\\values-zh-rHK\\values-zh-rHK.xml",
                    "position": {
                        "startLine": 7,
                        "startColumn": 4,
                        "startOffset": 577,
                        "endColumn": 98,
                        "endOffset": 671
                    }
                }
            },
            {
                "to": {
                    "startLine": 54,
                    "startColumn": 4,
                    "startOffset": 6134,
                    "endColumn": 108,
                    "endOffset": 6238
                },
                "from": {
                    "file": "C:\\Users\\shashami\\StudioProjects\\FeedFood\\app\\build\\intermediates\\exploded-aar\\com.android.support\\mediarouter-v7\\23.0.0\\res\\values-zh-rHK\\values-zh-rHK.xml",
                    "position": {
                        "startLine": 8,
                        "startColumn": 4,
                        "startOffset": 676,
                        "endColumn": 108,
                        "endOffset": 780
                    }
                }
            },
            {
                "to": {
                    "startLine": 55,
                    "startColumn": 4,
                    "startOffset": 6243,
                    "endColumn": 92,
                    "endOffset": 6331
                },
                "from": {
                    "file": "C:\\Users\\shashami\\StudioProjects\\FeedFood\\app\\build\\intermediates\\exploded-aar\\com.android.support\\mediarouter-v7\\23.0.0\\res\\values-zh-rHK\\values-zh-rHK.xml",
                    "position": {
                        "startLine": 9,
                        "startColumn": 4,
                        "startOffset": 785,
                        "endColumn": 92,
                        "endOffset": 873
                    }
                }
            },
            {
                "to": {
                    "startLine": 56,
                    "startColumn": 4,
                    "startOffset": 6336,
                    "endColumn": 91,
                    "endOffset": 6423
                },
                "from": {
                    "file": "C:\\Users\\shashami\\StudioProjects\\FeedFood\\app\\build\\intermediates\\exploded-aar\\com.android.support\\mediarouter-v7\\23.0.0\\res\\values-zh-rHK\\values-zh-rHK.xml",
                    "position": {
                        "startLine": 10,
                        "startColumn": 4,
                        "startOffset": 878,
                        "endColumn": 91,
                        "endOffset": 965
                    }
                }
            },
            {
                "to": {
                    "startLine": 57,
                    "startColumn": 4,
                    "startOffset": 6428,
                    "endColumn": 108,
                    "endOffset": 6532
                },
                "from": {
                    "file": "C:\\Users\\shashami\\StudioProjects\\FeedFood\\app\\build\\intermediates\\exploded-aar\\com.android.support\\mediarouter-v7\\23.0.0\\res\\values-zh-rHK\\values-zh-rHK.xml",
                    "position": {
                        "startLine": 11,
                        "startColumn": 4,
                        "startOffset": 970,
                        "endColumn": 108,
                        "endOffset": 1074
                    }
                }
            },
            {
                "to": {
                    "startLine": 58,
                    "startColumn": 4,
                    "startOffset": 6537,
                    "endColumn": 93,
                    "endOffset": 6626
                },
                "from": {
                    "file": "C:\\Users\\shashami\\StudioProjects\\FeedFood\\app\\build\\intermediates\\exploded-aar\\com.android.support\\mediarouter-v7\\23.0.0\\res\\values-zh-rHK\\values-zh-rHK.xml",
                    "position": {
                        "startLine": 12,
                        "startColumn": 4,
                        "startOffset": 1079,
                        "endColumn": 93,
                        "endOffset": 1168
                    }
                }
            },
            {
                "to": {
                    "startLine": 59,
                    "startColumn": 4,
                    "startOffset": 6631,
                    "endColumn": 81,
                    "endOffset": 6708
                },
                "from": {
                    "file": "C:\\Users\\shashami\\StudioProjects\\FeedFood\\app\\build\\intermediates\\exploded-aar\\com.android.support\\mediarouter-v7\\23.0.0\\res\\values-zh-rHK\\values-zh-rHK.xml",
                    "position": {
                        "startLine": 13,
                        "startColumn": 4,
                        "startOffset": 1173,
                        "endColumn": 81,
                        "endOffset": 1250
                    }
                }
            },
            {
                "to": {
                    "startLine": 60,
                    "startColumn": 4,
                    "startOffset": 6713,
                    "endColumn": 88,
                    "endOffset": 6797
                },
                "from": {
                    "file": "C:\\Users\\shashami\\StudioProjects\\FeedFood\\app\\build\\intermediates\\exploded-aar\\com.android.support\\mediarouter-v7\\23.0.0\\res\\values-zh-rHK\\values-zh-rHK.xml",
                    "position": {
                        "startLine": 14,
                        "startColumn": 4,
                        "startOffset": 1255,
                        "endColumn": 88,
                        "endOffset": 1339
                    }
                }
            },
            {
                "to": {
                    "startLine": 61,
                    "startColumn": 4,
                    "startOffset": 6802,
                    "endColumn": 94,
                    "endOffset": 6892
                },
                "from": {
                    "file": "C:\\Users\\shashami\\StudioProjects\\FeedFood\\app\\build\\intermediates\\exploded-aar\\com.google.android.gms\\play-services-location\\8.4.0\\res\\values-zh-rHK\\location_strings.xml",
                    "position": {
                        "startLine": 6,
                        "startColumn": 4,
                        "startOffset": 322,
                        "endColumn": 94,
                        "endOffset": 412
                    }
                }
            },
            {
                "to": {
                    "startLine": 62,
                    "startColumn": 4,
                    "startOffset": 6897,
                    "endColumn": 91,
                    "endOffset": 6984
                },
                "from": {
                    "file": "C:\\Users\\shashami\\StudioProjects\\FeedFood\\app\\build\\intermediates\\exploded-aar\\com.google.android.gms\\play-services-location\\8.4.0\\res\\values-zh-rHK\\location_strings.xml",
                    "position": {
                        "startLine": 5,
                        "startColumn": 4,
                        "startOffset": 230,
                        "endColumn": 91,
                        "endOffset": 317
                    }
                }
            },
            {
                "to": {
                    "startLine": 63,
                    "startColumn": 4,
                    "startOffset": 6989,
                    "endColumn": 101,
                    "endOffset": 7086
                },
                "from": {
                    "file": "C:\\Users\\shashami\\StudioProjects\\FeedFood\\app\\build\\intermediates\\exploded-aar\\com.android.support\\appcompat-v7\\23.1.1\\res\\values-zh-rHK\\values-zh-rHK.xml",
                    "position": {
                        "startLine": 23,
                        "startColumn": 4,
                        "startOffset": 2052,
                        "endColumn": 101,
                        "endOffset": 2149
                    }
                }
            },
            {
                "to": {
                    "startLine": 64,
                    "startColumn": 4,
                    "startOffset": 7091,
                    "endColumn": 101,
                    "endOffset": 7188
                },
                "from": {
                    "file": "C:\\Users\\shashami\\StudioProjects\\FeedFood\\app\\build\\intermediates\\exploded-aar\\com.google.android.gms\\play-services-wallet\\8.4.0\\res\\values-zh-rHK\\wallet_strings.xml",
                    "position": {
                        "startLine": 5,
                        "startColumn": 4,
                        "startOffset": 230,
                        "endColumn": 101,
                        "endOffset": 327
                    }
                }
            }
        ]
    }
]