[
    {
        "outputFile": "C:\\Users\\shashami\\StudioProjects\\FeedFood\\app\\build\\intermediates\\res\\merged\\debug\\values-uk\\values-uk.xml",
        "map": [
            {
                "to": {
                    "startLine": 2,
                    "startColumn": 4,
                    "startOffset": 105,
                    "endColumn": 109,
                    "endOffset": 210
                },
                "from": {
                    "file": "C:\\Users\\shashami\\StudioProjects\\FeedFood\\app\\build\\intermediates\\exploded-aar\\com.android.support\\appcompat-v7\\23.1.1\\res\\values-uk\\values-uk.xml",
                    "position": {
                        "startLine": 4,
                        "startColumn": 4,
                        "startOffset": 229,
                        "endColumn": 109,
                        "endOffset": 334
                    }
                }
            },
            {
                "to": {
                    "startLine": 3,
                    "startColumn": 4,
                    "startOffset": 215,
                    "endColumn": 107,
                    "endOffset": 318
                },
                "from": {
                    "file": "C:\\Users\\shashami\\StudioProjects\\FeedFood\\app\\build\\intermediates\\exploded-aar\\com.android.support\\appcompat-v7\\23.1.1\\res\\values-uk\\values-uk.xml",
                    "position": {
                        "startLine": 5,
                        "startColumn": 4,
                        "startOffset": 339,
                        "endColumn": 107,
                        "endOffset": 442
                    }
                }
            },
            {
                "to": {
                    "startLine": 4,
                    "startColumn": 4,
                    "startOffset": 323,
                    "endColumn": 122,
                    "endOffset": 441
                },
                "from": {
                    "file": "C:\\Users\\shashami\\StudioProjects\\FeedFood\\app\\build\\intermediates\\exploded-aar\\com.android.support\\appcompat-v7\\23.1.1\\res\\values-uk\\values-uk.xml",
                    "position": {
                        "startLine": 6,
                        "startColumn": 4,
                        "startOffset": 447,
                        "endColumn": 122,
                        "endOffset": 565
                    }
                }
            },
            {
                "to": {
                    "startLine": 5,
                    "startColumn": 4,
                    "startOffset": 446,
                    "endColumn": 101,
                    "endOffset": 543
                },
                "from": {
                    "file": "C:\\Users\\shashami\\StudioProjects\\FeedFood\\app\\build\\intermediates\\exploded-aar\\com.android.support\\appcompat-v7\\23.1.1\\res\\values-uk\\values-uk.xml",
                    "position": {
                        "startLine": 7,
                        "startColumn": 4,
                        "startOffset": 570,
                        "endColumn": 101,
                        "endOffset": 667
                    }
                }
            },
            {
                "to": {
                    "startLine": 6,
                    "startColumn": 4,
                    "startOffset": 548,
                    "endColumn": 105,
                    "endOffset": 649
                },
                "from": {
                    "file": "C:\\Users\\shashami\\StudioProjects\\FeedFood\\app\\build\\intermediates\\exploded-aar\\com.android.support\\appcompat-v7\\23.1.1\\res\\values-uk\\values-uk.xml",
                    "position": {
                        "startLine": 8,
                        "startColumn": 4,
                        "startOffset": 672,
                        "endColumn": 105,
                        "endOffset": 773
                    }
                }
            },
            {
                "to": {
                    "startLine": 7,
                    "startColumn": 4,
                    "startOffset": 654,
                    "endColumn": 85,
                    "endOffset": 735
                },
                "from": {
                    "file": "C:\\Users\\shashami\\StudioProjects\\FeedFood\\app\\build\\intermediates\\exploded-aar\\com.android.support\\appcompat-v7\\23.1.1\\res\\values-uk\\values-uk.xml",
                    "position": {
                        "startLine": 9,
                        "startColumn": 4,
                        "startOffset": 778,
                        "endColumn": 85,
                        "endOffset": 859
                    }
                }
            },
            {
                "to": {
                    "startLine": 8,
                    "startColumn": 4,
                    "startOffset": 740,
                    "endColumn": 107,
                    "endOffset": 843
                },
                "from": {
                    "file": "C:\\Users\\shashami\\StudioProjects\\FeedFood\\app\\build\\intermediates\\exploded-aar\\com.android.support\\appcompat-v7\\23.1.1\\res\\values-uk\\values-uk.xml",
                    "position": {
                        "startLine": 10,
                        "startColumn": 4,
                        "startOffset": 864,
                        "endColumn": 107,
                        "endOffset": 967
                    }
                }
            },
            {
                "to": {
                    "startLine": 9,
                    "startColumn": 4,
                    "startOffset": 848,
                    "endColumn": 117,
                    "endOffset": 961
                },
                "from": {
                    "file": "C:\\Users\\shashami\\StudioProjects\\FeedFood\\app\\build\\intermediates\\exploded-aar\\com.android.support\\appcompat-v7\\23.1.1\\res\\values-uk\\values-uk.xml",
                    "position": {
                        "startLine": 11,
                        "startColumn": 4,
                        "startOffset": 972,
                        "endColumn": 117,
                        "endOffset": 1085
                    }
                }
            },
            {
                "to": {
                    "startLine": 10,
                    "startColumn": 4,
                    "startOffset": 966,
                    "endColumn": 78,
                    "endOffset": 1040
                },
                "from": {
                    "file": "C:\\Users\\shashami\\StudioProjects\\FeedFood\\app\\build\\intermediates\\exploded-aar\\com.android.support\\appcompat-v7\\23.1.1\\res\\values-uk\\values-uk.xml",
                    "position": {
                        "startLine": 12,
                        "startColumn": 4,
                        "startOffset": 1090,
                        "endColumn": 78,
                        "endOffset": 1164
                    }
                }
            },
            {
                "to": {
                    "startLine": 11,
                    "startColumn": 4,
                    "startOffset": 1045,
                    "endColumn": 79,
                    "endOffset": 1120
                },
                "from": {
                    "file": "C:\\Users\\shashami\\StudioProjects\\FeedFood\\app\\build\\intermediates\\exploded-aar\\com.android.support\\appcompat-v7\\23.1.1\\res\\values-uk\\values-uk.xml",
                    "position": {
                        "startLine": 13,
                        "startColumn": 4,
                        "startOffset": 1169,
                        "endColumn": 79,
                        "endOffset": 1244
                    }
                }
            },
            {
                "to": {
                    "startLine": 12,
                    "startColumn": 4,
                    "startOffset": 1125,
                    "endColumn": 80,
                    "endOffset": 1201
                },
                "from": {
                    "file": "C:\\Users\\shashami\\StudioProjects\\FeedFood\\app\\build\\intermediates\\exploded-aar\\com.android.support\\appcompat-v7\\23.1.1\\res\\values-uk\\values-uk.xml",
                    "position": {
                        "startLine": 14,
                        "startColumn": 4,
                        "startOffset": 1249,
                        "endColumn": 80,
                        "endOffset": 1325
                    }
                }
            },
            {
                "to": {
                    "startLine": 13,
                    "startColumn": 4,
                    "startOffset": 1206,
                    "endColumn": 105,
                    "endOffset": 1307
                },
                "from": {
                    "file": "C:\\Users\\shashami\\StudioProjects\\FeedFood\\app\\build\\intermediates\\exploded-aar\\com.android.support\\appcompat-v7\\23.1.1\\res\\values-uk\\values-uk.xml",
                    "position": {
                        "startLine": 15,
                        "startColumn": 4,
                        "startOffset": 1330,
                        "endColumn": 105,
                        "endOffset": 1431
                    }
                }
            },
            {
                "to": {
                    "startLine": 14,
                    "startColumn": 4,
                    "startOffset": 1312,
                    "endColumn": 106,
                    "endOffset": 1414
                },
                "from": {
                    "file": "C:\\Users\\shashami\\StudioProjects\\FeedFood\\app\\build\\intermediates\\exploded-aar\\com.android.support\\appcompat-v7\\23.1.1\\res\\values-uk\\values-uk.xml",
                    "position": {
                        "startLine": 16,
                        "startColumn": 4,
                        "startOffset": 1436,
                        "endColumn": 106,
                        "endOffset": 1538
                    }
                }
            },
            {
                "to": {
                    "startLine": 15,
                    "startColumn": 4,
                    "startOffset": 1419,
                    "endColumn": 97,
                    "endOffset": 1512
                },
                "from": {
                    "file": "C:\\Users\\shashami\\StudioProjects\\FeedFood\\app\\build\\intermediates\\exploded-aar\\com.android.support\\appcompat-v7\\23.1.1\\res\\values-uk\\values-uk.xml",
                    "position": {
                        "startLine": 17,
                        "startColumn": 4,
                        "startOffset": 1543,
                        "endColumn": 97,
                        "endOffset": 1636
                    }
                }
            },
            {
                "to": {
                    "startLine": 16,
                    "startColumn": 4,
                    "startOffset": 1517,
                    "endColumn": 107,
                    "endOffset": 1620
                },
                "from": {
                    "file": "C:\\Users\\shashami\\StudioProjects\\FeedFood\\app\\build\\intermediates\\exploded-aar\\com.android.support\\appcompat-v7\\23.1.1\\res\\values-uk\\values-uk.xml",
                    "position": {
                        "startLine": 18,
                        "startColumn": 4,
                        "startOffset": 1641,
                        "endColumn": 107,
                        "endOffset": 1744
                    }
                }
            },
            {
                "to": {
                    "startLine": 17,
                    "startColumn": 4,
                    "startOffset": 1625,
                    "endColumn": 105,
                    "endOffset": 1726
                },
                "from": {
                    "file": "C:\\Users\\shashami\\StudioProjects\\FeedFood\\app\\build\\intermediates\\exploded-aar\\com.android.support\\appcompat-v7\\23.1.1\\res\\values-uk\\values-uk.xml",
                    "position": {
                        "startLine": 19,
                        "startColumn": 4,
                        "startOffset": 1749,
                        "endColumn": 105,
                        "endOffset": 1850
                    }
                }
            },
            {
                "to": {
                    "startLine": 18,
                    "startColumn": 4,
                    "startOffset": 1731,
                    "endColumn": 108,
                    "endOffset": 1835
                },
                "from": {
                    "file": "C:\\Users\\shashami\\StudioProjects\\FeedFood\\app\\build\\intermediates\\exploded-aar\\com.android.support\\appcompat-v7\\23.1.1\\res\\values-uk\\values-uk.xml",
                    "position": {
                        "startLine": 20,
                        "startColumn": 4,
                        "startOffset": 1855,
                        "endColumn": 108,
                        "endOffset": 1959
                    }
                }
            },
            {
                "to": {
                    "startLine": 19,
                    "startColumn": 4,
                    "startOffset": 1840,
                    "endColumn": 123,
                    "endOffset": 1959
                },
                "from": {
                    "file": "C:\\Users\\shashami\\StudioProjects\\FeedFood\\app\\build\\intermediates\\exploded-aar\\com.android.support\\appcompat-v7\\23.1.1\\res\\values-uk\\values-uk.xml",
                    "position": {
                        "startLine": 21,
                        "startColumn": 4,
                        "startOffset": 1964,
                        "endColumn": 123,
                        "endOffset": 2083
                    }
                }
            },
            {
                "to": {
                    "startLine": 20,
                    "startColumn": 4,
                    "startOffset": 1964,
                    "endColumn": 99,
                    "endOffset": 2059
                },
                "from": {
                    "file": "C:\\Users\\shashami\\StudioProjects\\FeedFood\\app\\build\\intermediates\\exploded-aar\\com.android.support\\appcompat-v7\\23.1.1\\res\\values-uk\\values-uk.xml",
                    "position": {
                        "startLine": 22,
                        "startColumn": 4,
                        "startOffset": 2088,
                        "endColumn": 99,
                        "endOffset": 2183
                    }
                }
            },
            {
                "to": {
                    "startLine": 21,
                    "startColumn": 4,
                    "startOffset": 2064,
                    "endColumn": 268,
                    "endOffset": 2328
                },
                "from": {
                    "file": "C:\\Users\\shashami\\StudioProjects\\FeedFood\\app\\build\\intermediates\\exploded-aar\\com.google.android.gms\\play-services-base\\8.4.0\\res\\values-uk\\base_strings.xml",
                    "position": {
                        "startLine": 24,
                        "startColumn": 4,
                        "startOffset": 3510,
                        "endColumn": 272,
                        "endOffset": 3778
                    }
                }
            },
            {
                "to": {
                    "startLine": 22,
                    "startColumn": 4,
                    "startOffset": 2333,
                    "endColumn": 129,
                    "endOffset": 2458
                },
                "from": {
                    "file": "C:\\Users\\shashami\\StudioProjects\\FeedFood\\app\\build\\intermediates\\exploded-aar\\com.google.android.gms\\play-services-base\\8.4.0\\res\\values-uk\\base_strings.xml",
                    "position": {
                        "startLine": 10,
                        "startColumn": 4,
                        "startOffset": 1343,
                        "endColumn": 129,
                        "endOffset": 1468
                    }
                }
            },
            {
                "to": {
                    "startLine": 23,
                    "startColumn": 4,
                    "startOffset": 2463,
                    "endColumn": 194,
                    "endOffset": 2653
                },
                "from": {
                    "file": "C:\\Users\\shashami\\StudioProjects\\FeedFood\\app\\build\\intermediates\\exploded-aar\\com.google.android.gms\\play-services-base\\8.4.0\\res\\values-uk\\base_strings.xml",
                    "position": {
                        "startLine": 9,
                        "startColumn": 4,
                        "startOffset": 1144,
                        "endColumn": 198,
                        "endOffset": 1338
                    }
                }
            },
            {
                "to": {
                    "startLine": 24,
                    "startColumn": 4,
                    "startOffset": 2658,
                    "endColumn": 128,
                    "endOffset": 2782
                },
                "from": {
                    "file": "C:\\Users\\shashami\\StudioProjects\\FeedFood\\app\\build\\intermediates\\exploded-aar\\com.google.android.gms\\play-services-base\\8.4.0\\res\\values-uk\\base_strings.xml",
                    "position": {
                        "startLine": 8,
                        "startColumn": 4,
                        "startOffset": 1015,
                        "endColumn": 128,
                        "endOffset": 1139
                    }
                }
            },
            {
                "to": {
                    "startLine": 25,
                    "startColumn": 4,
                    "startOffset": 2787,
                    "endColumn": 131,
                    "endOffset": 2914
                },
                "from": {
                    "file": "C:\\Users\\shashami\\StudioProjects\\FeedFood\\app\\build\\intermediates\\exploded-aar\\com.google.android.gms\\play-services-base\\8.4.0\\res\\values-uk\\base_strings.xml",
                    "position": {
                        "startLine": 7,
                        "startColumn": 4,
                        "startOffset": 883,
                        "endColumn": 131,
                        "endOffset": 1010
                    }
                }
            },
            {
                "to": {
                    "startLine": 26,
                    "startColumn": 4,
                    "startOffset": 2919,
                    "endColumn": 218,
                    "endOffset": 3133
                },
                "from": {
                    "file": "C:\\Users\\shashami\\StudioProjects\\FeedFood\\app\\build\\intermediates\\exploded-aar\\com.google.android.gms\\play-services-base\\8.4.0\\res\\values-uk\\base_strings.xml",
                    "position": {
                        "startLine": 5,
                        "startColumn": 4,
                        "startOffset": 436,
                        "endColumn": 222,
                        "endOffset": 654
                    }
                }
            },
            {
                "to": {
                    "startLine": 27,
                    "startColumn": 4,
                    "startOffset": 3138,
                    "endColumn": 219,
                    "endOffset": 3353
                },
                "from": {
                    "file": "C:\\Users\\shashami\\StudioProjects\\FeedFood\\app\\build\\intermediates\\exploded-aar\\com.google.android.gms\\play-services-base\\8.4.0\\res\\values-uk\\base_strings.xml",
                    "position": {
                        "startLine": 6,
                        "startColumn": 4,
                        "startOffset": 659,
                        "endColumn": 223,
                        "endOffset": 878
                    }
                }
            },
            {
                "to": {
                    "startLine": 28,
                    "startColumn": 4,
                    "startOffset": 3358,
                    "endColumn": 130,
                    "endOffset": 3484
                },
                "from": {
                    "file": "C:\\Users\\shashami\\StudioProjects\\FeedFood\\app\\build\\intermediates\\exploded-aar\\com.google.android.gms\\play-services-base\\8.4.0\\res\\values-uk\\base_strings.xml",
                    "position": {
                        "startLine": 4,
                        "startColumn": 4,
                        "startOffset": 305,
                        "endColumn": 130,
                        "endOffset": 431
                    }
                }
            },
            {
                "to": {
                    "startLine": 29,
                    "startColumn": 4,
                    "startOffset": 3489,
                    "endColumn": 175,
                    "endOffset": 3660
                },
                "from": {
                    "file": "C:\\Users\\shashami\\StudioProjects\\FeedFood\\app\\build\\intermediates\\exploded-aar\\com.google.android.gms\\play-services-base\\8.4.0\\res\\values-uk\\base_strings.xml",
                    "position": {
                        "startLine": 19,
                        "startColumn": 4,
                        "startOffset": 2740,
                        "endColumn": 175,
                        "endOffset": 2911
                    }
                }
            },
            {
                "to": {
                    "startLine": 30,
                    "startColumn": 4,
                    "startOffset": 3665,
                    "endColumn": 130,
                    "endOffset": 3791
                },
                "from": {
                    "file": "C:\\Users\\shashami\\StudioProjects\\FeedFood\\app\\build\\intermediates\\exploded-aar\\com.google.android.gms\\play-services-base\\8.4.0\\res\\values-uk\\base_strings.xml",
                    "position": {
                        "startLine": 18,
                        "startColumn": 4,
                        "startOffset": 2609,
                        "endColumn": 130,
                        "endOffset": 2735
                    }
                }
            },
            {
                "to": {
                    "startLine": 31,
                    "startColumn": 4,
                    "startOffset": 3796,
                    "endColumn": 175,
                    "endOffset": 3967
                },
                "from": {
                    "file": "C:\\Users\\shashami\\StudioProjects\\FeedFood\\app\\build\\intermediates\\exploded-aar\\com.google.android.gms\\play-services-base\\8.4.0\\res\\values-uk\\base_strings.xml",
                    "position": {
                        "startLine": 17,
                        "startColumn": 4,
                        "startOffset": 2433,
                        "endColumn": 175,
                        "endOffset": 2604
                    }
                }
            },
            {
                "to": {
                    "startLine": 32,
                    "startColumn": 4,
                    "startOffset": 3972,
                    "endColumn": 120,
                    "endOffset": 4088
                },
                "from": {
                    "file": "C:\\Users\\shashami\\StudioProjects\\FeedFood\\app\\build\\intermediates\\exploded-aar\\com.google.android.gms\\play-services-base\\8.4.0\\res\\values-uk\\base_strings.xml",
                    "position": {
                        "startLine": 16,
                        "startColumn": 4,
                        "startOffset": 2312,
                        "endColumn": 120,
                        "endOffset": 2428
                    }
                }
            },
            {
                "to": {
                    "startLine": 33,
                    "startColumn": 4,
                    "startOffset": 4093,
                    "endColumn": 134,
                    "endOffset": 4223
                },
                "from": {
                    "file": "C:\\Users\\shashami\\StudioProjects\\FeedFood\\app\\build\\intermediates\\exploded-aar\\com.google.android.gms\\play-services-base\\8.4.0\\res\\values-uk\\base_strings.xml",
                    "position": {
                        "startLine": 3,
                        "startColumn": 4,
                        "startOffset": 170,
                        "endColumn": 134,
                        "endOffset": 300
                    }
                }
            },
            {
                "to": {
                    "startLine": 34,
                    "startColumn": 4,
                    "startOffset": 4228,
                    "endColumn": 176,
                    "endOffset": 4400
                },
                "from": {
                    "file": "C:\\Users\\shashami\\StudioProjects\\FeedFood\\app\\build\\intermediates\\exploded-aar\\com.google.android.gms\\play-services-base\\8.4.0\\res\\values-uk\\base_strings.xml",
                    "position": {
                        "startLine": 28,
                        "startColumn": 4,
                        "startOffset": 4211,
                        "endColumn": 176,
                        "endOffset": 4383
                    }
                }
            },
            {
                "to": {
                    "startLine": 35,
                    "startColumn": 4,
                    "startOffset": 4405,
                    "endColumn": 132,
                    "endOffset": 4533
                },
                "from": {
                    "file": "C:\\Users\\shashami\\StudioProjects\\FeedFood\\app\\build\\intermediates\\exploded-aar\\com.google.android.gms\\play-services-base\\8.4.0\\res\\values-uk\\base_strings.xml",
                    "position": {
                        "startLine": 27,
                        "startColumn": 4,
                        "startOffset": 4078,
                        "endColumn": 132,
                        "endOffset": 4206
                    }
                }
            },
            {
                "to": {
                    "startLine": 36,
                    "startColumn": 4,
                    "startOffset": 4538,
                    "endColumn": 165,
                    "endOffset": 4699
                },
                "from": {
                    "file": "C:\\Users\\shashami\\StudioProjects\\FeedFood\\app\\build\\intermediates\\exploded-aar\\com.google.android.gms\\play-services-base\\8.4.0\\res\\values-uk\\base_strings.xml",
                    "position": {
                        "startLine": 26,
                        "startColumn": 4,
                        "startOffset": 3912,
                        "endColumn": 165,
                        "endOffset": 4073
                    }
                }
            },
            {
                "to": {
                    "startLine": 37,
                    "startColumn": 4,
                    "startOffset": 4704,
                    "endColumn": 128,
                    "endOffset": 4828
                },
                "from": {
                    "file": "C:\\Users\\shashami\\StudioProjects\\FeedFood\\app\\build\\intermediates\\exploded-aar\\com.google.android.gms\\play-services-base\\8.4.0\\res\\values-uk\\base_strings.xml",
                    "position": {
                        "startLine": 25,
                        "startColumn": 4,
                        "startOffset": 3783,
                        "endColumn": 128,
                        "endOffset": 3907
                    }
                }
            },
            {
                "to": {
                    "startLine": 38,
                    "startColumn": 4,
                    "startOffset": 4833,
                    "endColumn": 249,
                    "endOffset": 5078
                },
                "from": {
                    "file": "C:\\Users\\shashami\\StudioProjects\\FeedFood\\app\\build\\intermediates\\exploded-aar\\com.google.android.gms\\play-services-basement\\8.4.0\\res\\values-uk\\common_strings.xml",
                    "position": {
                        "startLine": 3,
                        "startColumn": 4,
                        "startOffset": 170,
                        "endColumn": 253,
                        "endOffset": 419
                    }
                }
            },
            {
                "to": {
                    "startLine": 39,
                    "startColumn": 4,
                    "startOffset": 5083,
                    "endColumn": 259,
                    "endOffset": 5338
                },
                "from": {
                    "file": "C:\\Users\\shashami\\StudioProjects\\FeedFood\\app\\build\\intermediates\\exploded-aar\\com.google.android.gms\\play-services-base\\8.4.0\\res\\values-uk\\base_strings.xml",
                    "position": {
                        "startLine": 21,
                        "startColumn": 4,
                        "startOffset": 3039,
                        "endColumn": 263,
                        "endOffset": 3298
                    }
                }
            },
            {
                "to": {
                    "startLine": 40,
                    "startColumn": 4,
                    "startOffset": 5343,
                    "endColumn": 122,
                    "endOffset": 5461
                },
                "from": {
                    "file": "C:\\Users\\shashami\\StudioProjects\\FeedFood\\app\\build\\intermediates\\exploded-aar\\com.google.android.gms\\play-services-base\\8.4.0\\res\\values-uk\\base_strings.xml",
                    "position": {
                        "startLine": 20,
                        "startColumn": 4,
                        "startOffset": 2916,
                        "endColumn": 122,
                        "endOffset": 3034
                    }
                }
            },
            {
                "to": {
                    "startLine": 41,
                    "startColumn": 4,
                    "startOffset": 5466,
                    "endColumn": 107,
                    "endOffset": 5569
                },
                "from": {
                    "file": "C:\\Users\\shashami\\StudioProjects\\FeedFood\\app\\build\\intermediates\\exploded-aar\\com.google.android.gms\\play-services-base\\8.4.0\\res\\values-uk\\base_strings.xml",
                    "position": {
                        "startLine": 22,
                        "startColumn": 4,
                        "startOffset": 3303,
                        "endColumn": 107,
                        "endOffset": 3406
                    }
                }
            },
            {
                "to": {
                    "startLine": 42,
                    "startColumn": 4,
                    "startOffset": 5574,
                    "endColumn": 192,
                    "endOffset": 5762
                },
                "from": {
                    "file": "C:\\Users\\shashami\\StudioProjects\\FeedFood\\app\\build\\intermediates\\exploded-aar\\com.google.android.gms\\play-services-base\\8.4.0\\res\\values-uk\\base_strings.xml",
                    "position": {
                        "startLine": 12,
                        "startColumn": 4,
                        "startOffset": 1600,
                        "endColumn": 196,
                        "endOffset": 1792
                    }
                }
            },
            {
                "to": {
                    "startLine": 43,
                    "startColumn": 4,
                    "startOffset": 5767,
                    "endColumn": 126,
                    "endOffset": 5889
                },
                "from": {
                    "file": "C:\\Users\\shashami\\StudioProjects\\FeedFood\\app\\build\\intermediates\\exploded-aar\\com.google.android.gms\\play-services-base\\8.4.0\\res\\values-uk\\base_strings.xml",
                    "position": {
                        "startLine": 11,
                        "startColumn": 4,
                        "startOffset": 1473,
                        "endColumn": 126,
                        "endOffset": 1595
                    }
                }
            },
            {
                "to": {
                    "startLine": 44,
                    "startColumn": 4,
                    "startOffset": 5894,
                    "endColumn": 205,
                    "endOffset": 6095
                },
                "from": {
                    "file": "C:\\Users\\shashami\\StudioProjects\\FeedFood\\app\\build\\intermediates\\exploded-aar\\com.google.android.gms\\play-services-base\\8.4.0\\res\\values-uk\\base_strings.xml",
                    "position": {
                        "startLine": 15,
                        "startColumn": 4,
                        "startOffset": 2102,
                        "endColumn": 209,
                        "endOffset": 2307
                    }
                }
            },
            {
                "to": {
                    "startLine": 45,
                    "startColumn": 4,
                    "startOffset": 6100,
                    "endColumn": 132,
                    "endOffset": 6228
                },
                "from": {
                    "file": "C:\\Users\\shashami\\StudioProjects\\FeedFood\\app\\build\\intermediates\\exploded-aar\\com.google.android.gms\\play-services-base\\8.4.0\\res\\values-uk\\base_strings.xml",
                    "position": {
                        "startLine": 14,
                        "startColumn": 4,
                        "startOffset": 1969,
                        "endColumn": 132,
                        "endOffset": 2097
                    }
                }
            },
            {
                "to": {
                    "startLine": 46,
                    "startColumn": 4,
                    "startOffset": 6233,
                    "endColumn": 171,
                    "endOffset": 6400
                },
                "from": {
                    "file": "C:\\Users\\shashami\\StudioProjects\\FeedFood\\app\\build\\intermediates\\exploded-aar\\com.google.android.gms\\play-services-base\\8.4.0\\res\\values-uk\\base_strings.xml",
                    "position": {
                        "startLine": 13,
                        "startColumn": 4,
                        "startOffset": 1797,
                        "endColumn": 171,
                        "endOffset": 1964
                    }
                }
            },
            {
                "to": {
                    "startLine": 47,
                    "startColumn": 4,
                    "startOffset": 6405,
                    "endColumn": 98,
                    "endOffset": 6499
                },
                "from": {
                    "file": "C:\\Users\\shashami\\StudioProjects\\FeedFood\\app\\build\\intermediates\\exploded-aar\\com.google.android.gms\\play-services-base\\8.4.0\\res\\values-uk\\base_strings.xml",
                    "position": {
                        "startLine": 23,
                        "startColumn": 4,
                        "startOffset": 3411,
                        "endColumn": 98,
                        "endOffset": 3505
                    }
                }
            },
            {
                "to": {
                    "startLine": 48,
                    "startColumn": 4,
                    "startOffset": 6504,
                    "endColumn": 90,
                    "endOffset": 6590
                },
                "from": {
                    "file": "C:\\Users\\shashami\\StudioProjects\\FeedFood\\app\\build\\intermediates\\exploded-aar\\com.google.android.gms\\play-services-base\\8.4.0\\res\\values-uk\\base_strings.xml",
                    "position": {
                        "startLine": 29,
                        "startColumn": 4,
                        "startOffset": 4388,
                        "endColumn": 90,
                        "endOffset": 4474
                    }
                }
            },
            {
                "to": {
                    "startLine": 49,
                    "startColumn": 4,
                    "startOffset": 6595,
                    "endColumn": 117,
                    "endOffset": 6708
                },
                "from": {
                    "file": "C:\\Users\\shashami\\StudioProjects\\FeedFood\\app\\build\\intermediates\\exploded-aar\\com.google.android.gms\\play-services-base\\8.4.0\\res\\values-uk\\base_strings.xml",
                    "position": {
                        "startLine": 30,
                        "startColumn": 4,
                        "startOffset": 4479,
                        "endColumn": 117,
                        "endOffset": 4592
                    }
                }
            },
            {
                "to": {
                    "startLine": 50,
                    "startColumn": 4,
                    "startOffset": 6713,
                    "endColumn": 111,
                    "endOffset": 6820
                },
                "from": {
                    "file": "C:\\Users\\shashami\\StudioProjects\\FeedFood\\app\\build\\intermediates\\exploded-aar\\com.android.support\\mediarouter-v7\\23.0.0\\res\\values-uk\\values-uk.xml",
                    "position": {
                        "startLine": 4,
                        "startColumn": 4,
                        "startOffset": 278,
                        "endColumn": 111,
                        "endOffset": 385
                    }
                }
            },
            {
                "to": {
                    "startLine": 51,
                    "startColumn": 4,
                    "startOffset": 6825,
                    "endColumn": 107,
                    "endOffset": 6928
                },
                "from": {
                    "file": "C:\\Users\\shashami\\StudioProjects\\FeedFood\\app\\build\\intermediates\\exploded-aar\\com.android.support\\mediarouter-v7\\23.0.0\\res\\values-uk\\values-uk.xml",
                    "position": {
                        "startLine": 5,
                        "startColumn": 4,
                        "startOffset": 390,
                        "endColumn": 107,
                        "endOffset": 493
                    }
                }
            },
            {
                "to": {
                    "startLine": 52,
                    "startColumn": 4,
                    "startOffset": 6933,
                    "endColumn": 111,
                    "endOffset": 7040
                },
                "from": {
                    "file": "C:\\Users\\shashami\\StudioProjects\\FeedFood\\app\\build\\intermediates\\exploded-aar\\com.android.support\\mediarouter-v7\\23.0.0\\res\\values-uk\\values-uk.xml",
                    "position": {
                        "startLine": 6,
                        "startColumn": 4,
                        "startOffset": 498,
                        "endColumn": 111,
                        "endOffset": 605
                    }
                }
            },
            {
                "to": {
                    "startLine": 53,
                    "startColumn": 4,
                    "startOffset": 7045,
                    "endColumn": 106,
                    "endOffset": 7147
                },
                "from": {
                    "file": "C:\\Users\\shashami\\StudioProjects\\FeedFood\\app\\build\\intermediates\\exploded-aar\\com.android.support\\mediarouter-v7\\23.0.0\\res\\values-uk\\values-uk.xml",
                    "position": {
                        "startLine": 7,
                        "startColumn": 4,
                        "startOffset": 610,
                        "endColumn": 106,
                        "endOffset": 712
                    }
                }
            },
            {
                "to": {
                    "startLine": 54,
                    "startColumn": 4,
                    "startOffset": 7152,
                    "endColumn": 113,
                    "endOffset": 7261
                },
                "from": {
                    "file": "C:\\Users\\shashami\\StudioProjects\\FeedFood\\app\\build\\intermediates\\exploded-aar\\com.android.support\\mediarouter-v7\\23.0.0\\res\\values-uk\\values-uk.xml",
                    "position": {
                        "startLine": 8,
                        "startColumn": 4,
                        "startOffset": 717,
                        "endColumn": 113,
                        "endOffset": 826
                    }
                }
            },
            {
                "to": {
                    "startLine": 55,
                    "startColumn": 4,
                    "startOffset": 7266,
                    "endColumn": 101,
                    "endOffset": 7363
                },
                "from": {
                    "file": "C:\\Users\\shashami\\StudioProjects\\FeedFood\\app\\build\\intermediates\\exploded-aar\\com.android.support\\mediarouter-v7\\23.0.0\\res\\values-uk\\values-uk.xml",
                    "position": {
                        "startLine": 9,
                        "startColumn": 4,
                        "startOffset": 831,
                        "endColumn": 101,
                        "endOffset": 928
                    }
                }
            },
            {
                "to": {
                    "startLine": 56,
                    "startColumn": 4,
                    "startOffset": 7368,
                    "endColumn": 99,
                    "endOffset": 7463
                },
                "from": {
                    "file": "C:\\Users\\shashami\\StudioProjects\\FeedFood\\app\\build\\intermediates\\exploded-aar\\com.android.support\\mediarouter-v7\\23.0.0\\res\\values-uk\\values-uk.xml",
                    "position": {
                        "startLine": 10,
                        "startColumn": 4,
                        "startOffset": 933,
                        "endColumn": 99,
                        "endOffset": 1028
                    }
                }
            },
            {
                "to": {
                    "startLine": 57,
                    "startColumn": 4,
                    "startOffset": 7468,
                    "endColumn": 125,
                    "endOffset": 7589
                },
                "from": {
                    "file": "C:\\Users\\shashami\\StudioProjects\\FeedFood\\app\\build\\intermediates\\exploded-aar\\com.android.support\\mediarouter-v7\\23.0.0\\res\\values-uk\\values-uk.xml",
                    "position": {
                        "startLine": 11,
                        "startColumn": 4,
                        "startOffset": 1033,
                        "endColumn": 125,
                        "endOffset": 1154
                    }
                }
            },
            {
                "to": {
                    "startLine": 58,
                    "startColumn": 4,
                    "startOffset": 7594,
                    "endColumn": 108,
                    "endOffset": 7698
                },
                "from": {
                    "file": "C:\\Users\\shashami\\StudioProjects\\FeedFood\\app\\build\\intermediates\\exploded-aar\\com.android.support\\mediarouter-v7\\23.0.0\\res\\values-uk\\values-uk.xml",
                    "position": {
                        "startLine": 12,
                        "startColumn": 4,
                        "startOffset": 1159,
                        "endColumn": 108,
                        "endOffset": 1263
                    }
                }
            },
            {
                "to": {
                    "startLine": 59,
                    "startColumn": 4,
                    "startOffset": 7703,
                    "endColumn": 86,
                    "endOffset": 7785
                },
                "from": {
                    "file": "C:\\Users\\shashami\\StudioProjects\\FeedFood\\app\\build\\intermediates\\exploded-aar\\com.android.support\\mediarouter-v7\\23.0.0\\res\\values-uk\\values-uk.xml",
                    "position": {
                        "startLine": 13,
                        "startColumn": 4,
                        "startOffset": 1268,
                        "endColumn": 86,
                        "endOffset": 1350
                    }
                }
            },
            {
                "to": {
                    "startLine": 60,
                    "startColumn": 4,
                    "startOffset": 7790,
                    "endColumn": 94,
                    "endOffset": 7880
                },
                "from": {
                    "file": "C:\\Users\\shashami\\StudioProjects\\FeedFood\\app\\build\\intermediates\\exploded-aar\\com.android.support\\mediarouter-v7\\23.0.0\\res\\values-uk\\values-uk.xml",
                    "position": {
                        "startLine": 14,
                        "startColumn": 4,
                        "startOffset": 1355,
                        "endColumn": 94,
                        "endOffset": 1445
                    }
                }
            },
            {
                "to": {
                    "startLine": 61,
                    "startColumn": 4,
                    "startOffset": 7885,
                    "endColumn": 110,
                    "endOffset": 7991
                },
                "from": {
                    "file": "C:\\Users\\shashami\\StudioProjects\\FeedFood\\app\\build\\intermediates\\exploded-aar\\com.google.android.gms\\play-services-location\\8.4.0\\res\\values-uk\\location_strings.xml",
                    "position": {
                        "startLine": 6,
                        "startColumn": 4,
                        "startOffset": 325,
                        "endColumn": 110,
                        "endOffset": 431
                    }
                }
            },
            {
                "to": {
                    "startLine": 62,
                    "startColumn": 4,
                    "startOffset": 7996,
                    "endColumn": 94,
                    "endOffset": 8086
                },
                "from": {
                    "file": "C:\\Users\\shashami\\StudioProjects\\FeedFood\\app\\build\\intermediates\\exploded-aar\\com.google.android.gms\\play-services-location\\8.4.0\\res\\values-uk\\location_strings.xml",
                    "position": {
                        "startLine": 5,
                        "startColumn": 4,
                        "startOffset": 230,
                        "endColumn": 94,
                        "endOffset": 320
                    }
                }
            },
            {
                "to": {
                    "startLine": 63,
                    "startColumn": 4,
                    "startOffset": 8091,
                    "endColumn": 100,
                    "endOffset": 8187
                },
                "from": {
                    "file": "C:\\Users\\shashami\\StudioProjects\\FeedFood\\app\\build\\intermediates\\exploded-aar\\com.android.support\\appcompat-v7\\23.1.1\\res\\values-uk\\values-uk.xml",
                    "position": {
                        "startLine": 23,
                        "startColumn": 4,
                        "startOffset": 2188,
                        "endColumn": 100,
                        "endOffset": 2284
                    }
                }
            },
            {
                "to": {
                    "startLine": 64,
                    "startColumn": 4,
                    "startOffset": 8192,
                    "endColumn": 115,
                    "endOffset": 8303
                },
                "from": {
                    "file": "C:\\Users\\shashami\\StudioProjects\\FeedFood\\app\\build\\intermediates\\exploded-aar\\com.google.android.gms\\play-services-wallet\\8.4.0\\res\\values-uk\\wallet_strings.xml",
                    "position": {
                        "startLine": 5,
                        "startColumn": 4,
                        "startOffset": 230,
                        "endColumn": 115,
                        "endOffset": 341
                    }
                }
            }
        ]
    }
]