[
    {
        "outputFile": "C:\\Users\\shashami\\StudioProjects\\FeedFood\\app\\build\\intermediates\\res\\merged\\debug\\values-sv\\values-sv.xml",
        "map": [
            {
                "to": {
                    "startLine": 2,
                    "startColumn": 4,
                    "startOffset": 105,
                    "endColumn": 105,
                    "endOffset": 206
                },
                "from": {
                    "file": "C:\\Users\\shashami\\StudioProjects\\FeedFood\\app\\build\\intermediates\\exploded-aar\\com.android.support\\appcompat-v7\\23.1.1\\res\\values-sv\\values-sv.xml",
                    "position": {
                        "startLine": 4,
                        "startColumn": 4,
                        "startOffset": 229,
                        "endColumn": 105,
                        "endOffset": 330
                    }
                }
            },
            {
                "to": {
                    "startLine": 3,
                    "startColumn": 4,
                    "startOffset": 211,
                    "endColumn": 107,
                    "endOffset": 314
                },
                "from": {
                    "file": "C:\\Users\\shashami\\StudioProjects\\FeedFood\\app\\build\\intermediates\\exploded-aar\\com.android.support\\appcompat-v7\\23.1.1\\res\\values-sv\\values-sv.xml",
                    "position": {
                        "startLine": 5,
                        "startColumn": 4,
                        "startOffset": 335,
                        "endColumn": 107,
                        "endOffset": 438
                    }
                }
            },
            {
                "to": {
                    "startLine": 4,
                    "startColumn": 4,
                    "startOffset": 319,
                    "endColumn": 122,
                    "endOffset": 437
                },
                "from": {
                    "file": "C:\\Users\\shashami\\StudioProjects\\FeedFood\\app\\build\\intermediates\\exploded-aar\\com.android.support\\appcompat-v7\\23.1.1\\res\\values-sv\\values-sv.xml",
                    "position": {
                        "startLine": 6,
                        "startColumn": 4,
                        "startOffset": 443,
                        "endColumn": 122,
                        "endOffset": 561
                    }
                }
            },
            {
                "to": {
                    "startLine": 5,
                    "startColumn": 4,
                    "startOffset": 442,
                    "endColumn": 102,
                    "endOffset": 540
                },
                "from": {
                    "file": "C:\\Users\\shashami\\StudioProjects\\FeedFood\\app\\build\\intermediates\\exploded-aar\\com.android.support\\appcompat-v7\\23.1.1\\res\\values-sv\\values-sv.xml",
                    "position": {
                        "startLine": 7,
                        "startColumn": 4,
                        "startOffset": 566,
                        "endColumn": 102,
                        "endOffset": 664
                    }
                }
            },
            {
                "to": {
                    "startLine": 6,
                    "startColumn": 4,
                    "startOffset": 545,
                    "endColumn": 110,
                    "endOffset": 651
                },
                "from": {
                    "file": "C:\\Users\\shashami\\StudioProjects\\FeedFood\\app\\build\\intermediates\\exploded-aar\\com.android.support\\appcompat-v7\\23.1.1\\res\\values-sv\\values-sv.xml",
                    "position": {
                        "startLine": 8,
                        "startColumn": 4,
                        "startOffset": 669,
                        "endColumn": 110,
                        "endOffset": 775
                    }
                }
            },
            {
                "to": {
                    "startLine": 7,
                    "startColumn": 4,
                    "startOffset": 656,
                    "endColumn": 84,
                    "endOffset": 736
                },
                "from": {
                    "file": "C:\\Users\\shashami\\StudioProjects\\FeedFood\\app\\build\\intermediates\\exploded-aar\\com.android.support\\appcompat-v7\\23.1.1\\res\\values-sv\\values-sv.xml",
                    "position": {
                        "startLine": 9,
                        "startColumn": 4,
                        "startOffset": 780,
                        "endColumn": 84,
                        "endOffset": 860
                    }
                }
            },
            {
                "to": {
                    "startLine": 8,
                    "startColumn": 4,
                    "startOffset": 741,
                    "endColumn": 101,
                    "endOffset": 838
                },
                "from": {
                    "file": "C:\\Users\\shashami\\StudioProjects\\FeedFood\\app\\build\\intermediates\\exploded-aar\\com.android.support\\appcompat-v7\\23.1.1\\res\\values-sv\\values-sv.xml",
                    "position": {
                        "startLine": 10,
                        "startColumn": 4,
                        "startOffset": 865,
                        "endColumn": 101,
                        "endOffset": 962
                    }
                }
            },
            {
                "to": {
                    "startLine": 9,
                    "startColumn": 4,
                    "startOffset": 843,
                    "endColumn": 112,
                    "endOffset": 951
                },
                "from": {
                    "file": "C:\\Users\\shashami\\StudioProjects\\FeedFood\\app\\build\\intermediates\\exploded-aar\\com.android.support\\appcompat-v7\\23.1.1\\res\\values-sv\\values-sv.xml",
                    "position": {
                        "startLine": 11,
                        "startColumn": 4,
                        "startOffset": 967,
                        "endColumn": 112,
                        "endOffset": 1075
                    }
                }
            },
            {
                "to": {
                    "startLine": 10,
                    "startColumn": 4,
                    "startOffset": 956,
                    "endColumn": 75,
                    "endOffset": 1027
                },
                "from": {
                    "file": "C:\\Users\\shashami\\StudioProjects\\FeedFood\\app\\build\\intermediates\\exploded-aar\\com.android.support\\appcompat-v7\\23.1.1\\res\\values-sv\\values-sv.xml",
                    "position": {
                        "startLine": 12,
                        "startColumn": 4,
                        "startOffset": 1080,
                        "endColumn": 75,
                        "endOffset": 1151
                    }
                }
            },
            {
                "to": {
                    "startLine": 11,
                    "startColumn": 4,
                    "startOffset": 1032,
                    "endColumn": 75,
                    "endOffset": 1103
                },
                "from": {
                    "file": "C:\\Users\\shashami\\StudioProjects\\FeedFood\\app\\build\\intermediates\\exploded-aar\\com.android.support\\appcompat-v7\\23.1.1\\res\\values-sv\\values-sv.xml",
                    "position": {
                        "startLine": 13,
                        "startColumn": 4,
                        "startOffset": 1156,
                        "endColumn": 75,
                        "endOffset": 1227
                    }
                }
            },
            {
                "to": {
                    "startLine": 12,
                    "startColumn": 4,
                    "startOffset": 1108,
                    "endColumn": 79,
                    "endOffset": 1183
                },
                "from": {
                    "file": "C:\\Users\\shashami\\StudioProjects\\FeedFood\\app\\build\\intermediates\\exploded-aar\\com.android.support\\appcompat-v7\\23.1.1\\res\\values-sv\\values-sv.xml",
                    "position": {
                        "startLine": 14,
                        "startColumn": 4,
                        "startOffset": 1232,
                        "endColumn": 79,
                        "endOffset": 1307
                    }
                }
            },
            {
                "to": {
                    "startLine": 13,
                    "startColumn": 4,
                    "startOffset": 1188,
                    "endColumn": 105,
                    "endOffset": 1289
                },
                "from": {
                    "file": "C:\\Users\\shashami\\StudioProjects\\FeedFood\\app\\build\\intermediates\\exploded-aar\\com.android.support\\appcompat-v7\\23.1.1\\res\\values-sv\\values-sv.xml",
                    "position": {
                        "startLine": 15,
                        "startColumn": 4,
                        "startOffset": 1312,
                        "endColumn": 105,
                        "endOffset": 1413
                    }
                }
            },
            {
                "to": {
                    "startLine": 14,
                    "startColumn": 4,
                    "startOffset": 1294,
                    "endColumn": 99,
                    "endOffset": 1389
                },
                "from": {
                    "file": "C:\\Users\\shashami\\StudioProjects\\FeedFood\\app\\build\\intermediates\\exploded-aar\\com.android.support\\appcompat-v7\\23.1.1\\res\\values-sv\\values-sv.xml",
                    "position": {
                        "startLine": 16,
                        "startColumn": 4,
                        "startOffset": 1418,
                        "endColumn": 99,
                        "endOffset": 1513
                    }
                }
            },
            {
                "to": {
                    "startLine": 15,
                    "startColumn": 4,
                    "startOffset": 1394,
                    "endColumn": 95,
                    "endOffset": 1485
                },
                "from": {
                    "file": "C:\\Users\\shashami\\StudioProjects\\FeedFood\\app\\build\\intermediates\\exploded-aar\\com.android.support\\appcompat-v7\\23.1.1\\res\\values-sv\\values-sv.xml",
                    "position": {
                        "startLine": 17,
                        "startColumn": 4,
                        "startOffset": 1518,
                        "endColumn": 95,
                        "endOffset": 1609
                    }
                }
            },
            {
                "to": {
                    "startLine": 16,
                    "startColumn": 4,
                    "startOffset": 1490,
                    "endColumn": 104,
                    "endOffset": 1590
                },
                "from": {
                    "file": "C:\\Users\\shashami\\StudioProjects\\FeedFood\\app\\build\\intermediates\\exploded-aar\\com.android.support\\appcompat-v7\\23.1.1\\res\\values-sv\\values-sv.xml",
                    "position": {
                        "startLine": 18,
                        "startColumn": 4,
                        "startOffset": 1614,
                        "endColumn": 104,
                        "endOffset": 1714
                    }
                }
            },
            {
                "to": {
                    "startLine": 17,
                    "startColumn": 4,
                    "startOffset": 1595,
                    "endColumn": 101,
                    "endOffset": 1692
                },
                "from": {
                    "file": "C:\\Users\\shashami\\StudioProjects\\FeedFood\\app\\build\\intermediates\\exploded-aar\\com.android.support\\appcompat-v7\\23.1.1\\res\\values-sv\\values-sv.xml",
                    "position": {
                        "startLine": 19,
                        "startColumn": 4,
                        "startOffset": 1719,
                        "endColumn": 101,
                        "endOffset": 1816
                    }
                }
            },
            {
                "to": {
                    "startLine": 18,
                    "startColumn": 4,
                    "startOffset": 1697,
                    "endColumn": 101,
                    "endOffset": 1794
                },
                "from": {
                    "file": "C:\\Users\\shashami\\StudioProjects\\FeedFood\\app\\build\\intermediates\\exploded-aar\\com.android.support\\appcompat-v7\\23.1.1\\res\\values-sv\\values-sv.xml",
                    "position": {
                        "startLine": 20,
                        "startColumn": 4,
                        "startOffset": 1821,
                        "endColumn": 101,
                        "endOffset": 1918
                    }
                }
            },
            {
                "to": {
                    "startLine": 19,
                    "startColumn": 4,
                    "startOffset": 1799,
                    "endColumn": 116,
                    "endOffset": 1911
                },
                "from": {
                    "file": "C:\\Users\\shashami\\StudioProjects\\FeedFood\\app\\build\\intermediates\\exploded-aar\\com.android.support\\appcompat-v7\\23.1.1\\res\\values-sv\\values-sv.xml",
                    "position": {
                        "startLine": 21,
                        "startColumn": 4,
                        "startOffset": 1923,
                        "endColumn": 116,
                        "endOffset": 2035
                    }
                }
            },
            {
                "to": {
                    "startLine": 20,
                    "startColumn": 4,
                    "startOffset": 1916,
                    "endColumn": 101,
                    "endOffset": 2013
                },
                "from": {
                    "file": "C:\\Users\\shashami\\StudioProjects\\FeedFood\\app\\build\\intermediates\\exploded-aar\\com.android.support\\appcompat-v7\\23.1.1\\res\\values-sv\\values-sv.xml",
                    "position": {
                        "startLine": 22,
                        "startColumn": 4,
                        "startOffset": 2040,
                        "endColumn": 101,
                        "endOffset": 2137
                    }
                }
            },
            {
                "to": {
                    "startLine": 21,
                    "startColumn": 4,
                    "startOffset": 2018,
                    "endColumn": 269,
                    "endOffset": 2283
                },
                "from": {
                    "file": "C:\\Users\\shashami\\StudioProjects\\FeedFood\\app\\build\\intermediates\\exploded-aar\\com.google.android.gms\\play-services-base\\8.4.0\\res\\values-sv\\base_strings.xml",
                    "position": {
                        "startLine": 24,
                        "startColumn": 4,
                        "startOffset": 3490,
                        "endColumn": 273,
                        "endOffset": 3759
                    }
                }
            },
            {
                "to": {
                    "startLine": 22,
                    "startColumn": 4,
                    "startOffset": 2288,
                    "endColumn": 129,
                    "endOffset": 2413
                },
                "from": {
                    "file": "C:\\Users\\shashami\\StudioProjects\\FeedFood\\app\\build\\intermediates\\exploded-aar\\com.google.android.gms\\play-services-base\\8.4.0\\res\\values-sv\\base_strings.xml",
                    "position": {
                        "startLine": 10,
                        "startColumn": 4,
                        "startOffset": 1316,
                        "endColumn": 129,
                        "endOffset": 1441
                    }
                }
            },
            {
                "to": {
                    "startLine": 23,
                    "startColumn": 4,
                    "startOffset": 2418,
                    "endColumn": 188,
                    "endOffset": 2602
                },
                "from": {
                    "file": "C:\\Users\\shashami\\StudioProjects\\FeedFood\\app\\build\\intermediates\\exploded-aar\\com.google.android.gms\\play-services-base\\8.4.0\\res\\values-sv\\base_strings.xml",
                    "position": {
                        "startLine": 9,
                        "startColumn": 4,
                        "startOffset": 1123,
                        "endColumn": 192,
                        "endOffset": 1311
                    }
                }
            },
            {
                "to": {
                    "startLine": 24,
                    "startColumn": 4,
                    "startOffset": 2607,
                    "endColumn": 128,
                    "endOffset": 2731
                },
                "from": {
                    "file": "C:\\Users\\shashami\\StudioProjects\\FeedFood\\app\\build\\intermediates\\exploded-aar\\com.google.android.gms\\play-services-base\\8.4.0\\res\\values-sv\\base_strings.xml",
                    "position": {
                        "startLine": 8,
                        "startColumn": 4,
                        "startOffset": 994,
                        "endColumn": 128,
                        "endOffset": 1118
                    }
                }
            },
            {
                "to": {
                    "startLine": 25,
                    "startColumn": 4,
                    "startOffset": 2736,
                    "endColumn": 127,
                    "endOffset": 2859
                },
                "from": {
                    "file": "C:\\Users\\shashami\\StudioProjects\\FeedFood\\app\\build\\intermediates\\exploded-aar\\com.google.android.gms\\play-services-base\\8.4.0\\res\\values-sv\\base_strings.xml",
                    "position": {
                        "startLine": 7,
                        "startColumn": 4,
                        "startOffset": 866,
                        "endColumn": 127,
                        "endOffset": 989
                    }
                }
            },
            {
                "to": {
                    "startLine": 26,
                    "startColumn": 4,
                    "startOffset": 2864,
                    "endColumn": 210,
                    "endOffset": 3070
                },
                "from": {
                    "file": "C:\\Users\\shashami\\StudioProjects\\FeedFood\\app\\build\\intermediates\\exploded-aar\\com.google.android.gms\\play-services-base\\8.4.0\\res\\values-sv\\base_strings.xml",
                    "position": {
                        "startLine": 5,
                        "startColumn": 4,
                        "startOffset": 431,
                        "endColumn": 214,
                        "endOffset": 641
                    }
                }
            },
            {
                "to": {
                    "startLine": 27,
                    "startColumn": 4,
                    "startOffset": 3075,
                    "endColumn": 215,
                    "endOffset": 3286
                },
                "from": {
                    "file": "C:\\Users\\shashami\\StudioProjects\\FeedFood\\app\\build\\intermediates\\exploded-aar\\com.google.android.gms\\play-services-base\\8.4.0\\res\\values-sv\\base_strings.xml",
                    "position": {
                        "startLine": 6,
                        "startColumn": 4,
                        "startOffset": 646,
                        "endColumn": 219,
                        "endOffset": 861
                    }
                }
            },
            {
                "to": {
                    "startLine": 28,
                    "startColumn": 4,
                    "startOffset": 3291,
                    "endColumn": 126,
                    "endOffset": 3413
                },
                "from": {
                    "file": "C:\\Users\\shashami\\StudioProjects\\FeedFood\\app\\build\\intermediates\\exploded-aar\\com.google.android.gms\\play-services-base\\8.4.0\\res\\values-sv\\base_strings.xml",
                    "position": {
                        "startLine": 4,
                        "startColumn": 4,
                        "startOffset": 304,
                        "endColumn": 126,
                        "endOffset": 426
                    }
                }
            },
            {
                "to": {
                    "startLine": 29,
                    "startColumn": 4,
                    "startOffset": 3418,
                    "endColumn": 178,
                    "endOffset": 3592
                },
                "from": {
                    "file": "C:\\Users\\shashami\\StudioProjects\\FeedFood\\app\\build\\intermediates\\exploded-aar\\com.google.android.gms\\play-services-base\\8.4.0\\res\\values-sv\\base_strings.xml",
                    "position": {
                        "startLine": 19,
                        "startColumn": 4,
                        "startOffset": 2733,
                        "endColumn": 178,
                        "endOffset": 2907
                    }
                }
            },
            {
                "to": {
                    "startLine": 30,
                    "startColumn": 4,
                    "startOffset": 3597,
                    "endColumn": 119,
                    "endOffset": 3712
                },
                "from": {
                    "file": "C:\\Users\\shashami\\StudioProjects\\FeedFood\\app\\build\\intermediates\\exploded-aar\\com.google.android.gms\\play-services-base\\8.4.0\\res\\values-sv\\base_strings.xml",
                    "position": {
                        "startLine": 18,
                        "startColumn": 4,
                        "startOffset": 2613,
                        "endColumn": 119,
                        "endOffset": 2728
                    }
                }
            },
            {
                "to": {
                    "startLine": 31,
                    "startColumn": 4,
                    "startOffset": 3717,
                    "endColumn": 183,
                    "endOffset": 3896
                },
                "from": {
                    "file": "C:\\Users\\shashami\\StudioProjects\\FeedFood\\app\\build\\intermediates\\exploded-aar\\com.google.android.gms\\play-services-base\\8.4.0\\res\\values-sv\\base_strings.xml",
                    "position": {
                        "startLine": 17,
                        "startColumn": 4,
                        "startOffset": 2429,
                        "endColumn": 183,
                        "endOffset": 2608
                    }
                }
            },
            {
                "to": {
                    "startLine": 32,
                    "startColumn": 4,
                    "startOffset": 3901,
                    "endColumn": 117,
                    "endOffset": 4014
                },
                "from": {
                    "file": "C:\\Users\\shashami\\StudioProjects\\FeedFood\\app\\build\\intermediates\\exploded-aar\\com.google.android.gms\\play-services-base\\8.4.0\\res\\values-sv\\base_strings.xml",
                    "position": {
                        "startLine": 16,
                        "startColumn": 4,
                        "startOffset": 2311,
                        "endColumn": 117,
                        "endOffset": 2424
                    }
                }
            },
            {
                "to": {
                    "startLine": 33,
                    "startColumn": 4,
                    "startOffset": 4019,
                    "endColumn": 133,
                    "endOffset": 4148
                },
                "from": {
                    "file": "C:\\Users\\shashami\\StudioProjects\\FeedFood\\app\\build\\intermediates\\exploded-aar\\com.google.android.gms\\play-services-base\\8.4.0\\res\\values-sv\\base_strings.xml",
                    "position": {
                        "startLine": 3,
                        "startColumn": 4,
                        "startOffset": 170,
                        "endColumn": 133,
                        "endOffset": 299
                    }
                }
            },
            {
                "to": {
                    "startLine": 34,
                    "startColumn": 4,
                    "startOffset": 4153,
                    "endColumn": 168,
                    "endOffset": 4317
                },
                "from": {
                    "file": "C:\\Users\\shashami\\StudioProjects\\FeedFood\\app\\build\\intermediates\\exploded-aar\\com.google.android.gms\\play-services-base\\8.4.0\\res\\values-sv\\base_strings.xml",
                    "position": {
                        "startLine": 28,
                        "startColumn": 4,
                        "startOffset": 4204,
                        "endColumn": 168,
                        "endOffset": 4368
                    }
                }
            },
            {
                "to": {
                    "startLine": 35,
                    "startColumn": 4,
                    "startOffset": 4322,
                    "endColumn": 127,
                    "endOffset": 4445
                },
                "from": {
                    "file": "C:\\Users\\shashami\\StudioProjects\\FeedFood\\app\\build\\intermediates\\exploded-aar\\com.google.android.gms\\play-services-base\\8.4.0\\res\\values-sv\\base_strings.xml",
                    "position": {
                        "startLine": 27,
                        "startColumn": 4,
                        "startOffset": 4076,
                        "endColumn": 127,
                        "endOffset": 4199
                    }
                }
            },
            {
                "to": {
                    "startLine": 36,
                    "startColumn": 4,
                    "startOffset": 4450,
                    "endColumn": 177,
                    "endOffset": 4623
                },
                "from": {
                    "file": "C:\\Users\\shashami\\StudioProjects\\FeedFood\\app\\build\\intermediates\\exploded-aar\\com.google.android.gms\\play-services-base\\8.4.0\\res\\values-sv\\base_strings.xml",
                    "position": {
                        "startLine": 26,
                        "startColumn": 4,
                        "startOffset": 3898,
                        "endColumn": 177,
                        "endOffset": 4071
                    }
                }
            },
            {
                "to": {
                    "startLine": 37,
                    "startColumn": 4,
                    "startOffset": 4628,
                    "endColumn": 133,
                    "endOffset": 4757
                },
                "from": {
                    "file": "C:\\Users\\shashami\\StudioProjects\\FeedFood\\app\\build\\intermediates\\exploded-aar\\com.google.android.gms\\play-services-base\\8.4.0\\res\\values-sv\\base_strings.xml",
                    "position": {
                        "startLine": 25,
                        "startColumn": 4,
                        "startOffset": 3764,
                        "endColumn": 133,
                        "endOffset": 3893
                    }
                }
            },
            {
                "to": {
                    "startLine": 38,
                    "startColumn": 4,
                    "startOffset": 4762,
                    "endColumn": 219,
                    "endOffset": 4977
                },
                "from": {
                    "file": "C:\\Users\\shashami\\StudioProjects\\FeedFood\\app\\build\\intermediates\\exploded-aar\\com.google.android.gms\\play-services-basement\\8.4.0\\res\\values-sv\\common_strings.xml",
                    "position": {
                        "startLine": 3,
                        "startColumn": 4,
                        "startOffset": 170,
                        "endColumn": 223,
                        "endOffset": 389
                    }
                }
            },
            {
                "to": {
                    "startLine": 39,
                    "startColumn": 4,
                    "startOffset": 4982,
                    "endColumn": 244,
                    "endOffset": 5222
                },
                "from": {
                    "file": "C:\\Users\\shashami\\StudioProjects\\FeedFood\\app\\build\\intermediates\\exploded-aar\\com.google.android.gms\\play-services-base\\8.4.0\\res\\values-sv\\base_strings.xml",
                    "position": {
                        "startLine": 21,
                        "startColumn": 4,
                        "startOffset": 3036,
                        "endColumn": 248,
                        "endOffset": 3280
                    }
                }
            },
            {
                "to": {
                    "startLine": 40,
                    "startColumn": 4,
                    "startOffset": 5227,
                    "endColumn": 123,
                    "endOffset": 5346
                },
                "from": {
                    "file": "C:\\Users\\shashami\\StudioProjects\\FeedFood\\app\\build\\intermediates\\exploded-aar\\com.google.android.gms\\play-services-base\\8.4.0\\res\\values-sv\\base_strings.xml",
                    "position": {
                        "startLine": 20,
                        "startColumn": 4,
                        "startOffset": 2912,
                        "endColumn": 123,
                        "endOffset": 3031
                    }
                }
            },
            {
                "to": {
                    "startLine": 41,
                    "startColumn": 4,
                    "startOffset": 5351,
                    "endColumn": 109,
                    "endOffset": 5456
                },
                "from": {
                    "file": "C:\\Users\\shashami\\StudioProjects\\FeedFood\\app\\build\\intermediates\\exploded-aar\\com.google.android.gms\\play-services-base\\8.4.0\\res\\values-sv\\base_strings.xml",
                    "position": {
                        "startLine": 22,
                        "startColumn": 4,
                        "startOffset": 3285,
                        "endColumn": 109,
                        "endOffset": 3390
                    }
                }
            },
            {
                "to": {
                    "startLine": 42,
                    "startColumn": 4,
                    "startOffset": 5461,
                    "endColumn": 194,
                    "endOffset": 5651
                },
                "from": {
                    "file": "C:\\Users\\shashami\\StudioProjects\\FeedFood\\app\\build\\intermediates\\exploded-aar\\com.google.android.gms\\play-services-base\\8.4.0\\res\\values-sv\\base_strings.xml",
                    "position": {
                        "startLine": 12,
                        "startColumn": 4,
                        "startOffset": 1576,
                        "endColumn": 198,
                        "endOffset": 1770
                    }
                }
            },
            {
                "to": {
                    "startLine": 43,
                    "startColumn": 4,
                    "startOffset": 5656,
                    "endColumn": 129,
                    "endOffset": 5781
                },
                "from": {
                    "file": "C:\\Users\\shashami\\StudioProjects\\FeedFood\\app\\build\\intermediates\\exploded-aar\\com.google.android.gms\\play-services-base\\8.4.0\\res\\values-sv\\base_strings.xml",
                    "position": {
                        "startLine": 11,
                        "startColumn": 4,
                        "startOffset": 1446,
                        "endColumn": 129,
                        "endOffset": 1571
                    }
                }
            },
            {
                "to": {
                    "startLine": 44,
                    "startColumn": 4,
                    "startOffset": 5786,
                    "endColumn": 212,
                    "endOffset": 5994
                },
                "from": {
                    "file": "C:\\Users\\shashami\\StudioProjects\\FeedFood\\app\\build\\intermediates\\exploded-aar\\com.google.android.gms\\play-services-base\\8.4.0\\res\\values-sv\\base_strings.xml",
                    "position": {
                        "startLine": 15,
                        "startColumn": 4,
                        "startOffset": 2094,
                        "endColumn": 216,
                        "endOffset": 2306
                    }
                }
            },
            {
                "to": {
                    "startLine": 45,
                    "startColumn": 4,
                    "startOffset": 5999,
                    "endColumn": 132,
                    "endOffset": 6127
                },
                "from": {
                    "file": "C:\\Users\\shashami\\StudioProjects\\FeedFood\\app\\build\\intermediates\\exploded-aar\\com.google.android.gms\\play-services-base\\8.4.0\\res\\values-sv\\base_strings.xml",
                    "position": {
                        "startLine": 14,
                        "startColumn": 4,
                        "startOffset": 1961,
                        "endColumn": 132,
                        "endOffset": 2089
                    }
                }
            },
            {
                "to": {
                    "startLine": 46,
                    "startColumn": 4,
                    "startOffset": 6132,
                    "endColumn": 185,
                    "endOffset": 6313
                },
                "from": {
                    "file": "C:\\Users\\shashami\\StudioProjects\\FeedFood\\app\\build\\intermediates\\exploded-aar\\com.google.android.gms\\play-services-base\\8.4.0\\res\\values-sv\\base_strings.xml",
                    "position": {
                        "startLine": 13,
                        "startColumn": 4,
                        "startOffset": 1775,
                        "endColumn": 185,
                        "endOffset": 1956
                    }
                }
            },
            {
                "to": {
                    "startLine": 47,
                    "startColumn": 4,
                    "startOffset": 6318,
                    "endColumn": 94,
                    "endOffset": 6408
                },
                "from": {
                    "file": "C:\\Users\\shashami\\StudioProjects\\FeedFood\\app\\build\\intermediates\\exploded-aar\\com.google.android.gms\\play-services-base\\8.4.0\\res\\values-sv\\base_strings.xml",
                    "position": {
                        "startLine": 23,
                        "startColumn": 4,
                        "startOffset": 3395,
                        "endColumn": 94,
                        "endOffset": 3485
                    }
                }
            },
            {
                "to": {
                    "startLine": 48,
                    "startColumn": 4,
                    "startOffset": 6413,
                    "endColumn": 92,
                    "endOffset": 6501
                },
                "from": {
                    "file": "C:\\Users\\shashami\\StudioProjects\\FeedFood\\app\\build\\intermediates\\exploded-aar\\com.google.android.gms\\play-services-base\\8.4.0\\res\\values-sv\\base_strings.xml",
                    "position": {
                        "startLine": 29,
                        "startColumn": 4,
                        "startOffset": 4373,
                        "endColumn": 92,
                        "endOffset": 4461
                    }
                }
            },
            {
                "to": {
                    "startLine": 49,
                    "startColumn": 4,
                    "startOffset": 6506,
                    "endColumn": 108,
                    "endOffset": 6610
                },
                "from": {
                    "file": "C:\\Users\\shashami\\StudioProjects\\FeedFood\\app\\build\\intermediates\\exploded-aar\\com.google.android.gms\\play-services-base\\8.4.0\\res\\values-sv\\base_strings.xml",
                    "position": {
                        "startLine": 30,
                        "startColumn": 4,
                        "startOffset": 4466,
                        "endColumn": 108,
                        "endOffset": 4570
                    }
                }
            },
            {
                "to": {
                    "startLine": 50,
                    "startColumn": 4,
                    "startOffset": 6615,
                    "endColumn": 105,
                    "endOffset": 6716
                },
                "from": {
                    "file": "C:\\Users\\shashami\\StudioProjects\\FeedFood\\app\\build\\intermediates\\exploded-aar\\com.android.support\\mediarouter-v7\\23.0.0\\res\\values-sv\\values-sv.xml",
                    "position": {
                        "startLine": 4,
                        "startColumn": 4,
                        "startOffset": 278,
                        "endColumn": 105,
                        "endOffset": 379
                    }
                }
            },
            {
                "to": {
                    "startLine": 51,
                    "startColumn": 4,
                    "startOffset": 6721,
                    "endColumn": 114,
                    "endOffset": 6831
                },
                "from": {
                    "file": "C:\\Users\\shashami\\StudioProjects\\FeedFood\\app\\build\\intermediates\\exploded-aar\\com.android.support\\mediarouter-v7\\23.0.0\\res\\values-sv\\values-sv.xml",
                    "position": {
                        "startLine": 5,
                        "startColumn": 4,
                        "startOffset": 384,
                        "endColumn": 114,
                        "endOffset": 494
                    }
                }
            },
            {
                "to": {
                    "startLine": 52,
                    "startColumn": 4,
                    "startOffset": 6836,
                    "endColumn": 104,
                    "endOffset": 6936
                },
                "from": {
                    "file": "C:\\Users\\shashami\\StudioProjects\\FeedFood\\app\\build\\intermediates\\exploded-aar\\com.android.support\\mediarouter-v7\\23.0.0\\res\\values-sv\\values-sv.xml",
                    "position": {
                        "startLine": 6,
                        "startColumn": 4,
                        "startOffset": 499,
                        "endColumn": 104,
                        "endOffset": 599
                    }
                }
            },
            {
                "to": {
                    "startLine": 53,
                    "startColumn": 4,
                    "startOffset": 6941,
                    "endColumn": 105,
                    "endOffset": 7042
                },
                "from": {
                    "file": "C:\\Users\\shashami\\StudioProjects\\FeedFood\\app\\build\\intermediates\\exploded-aar\\com.android.support\\mediarouter-v7\\23.0.0\\res\\values-sv\\values-sv.xml",
                    "position": {
                        "startLine": 7,
                        "startColumn": 4,
                        "startOffset": 604,
                        "endColumn": 105,
                        "endOffset": 705
                    }
                }
            },
            {
                "to": {
                    "startLine": 54,
                    "startColumn": 4,
                    "startOffset": 7047,
                    "endColumn": 129,
                    "endOffset": 7172
                },
                "from": {
                    "file": "C:\\Users\\shashami\\StudioProjects\\FeedFood\\app\\build\\intermediates\\exploded-aar\\com.android.support\\mediarouter-v7\\23.0.0\\res\\values-sv\\values-sv.xml",
                    "position": {
                        "startLine": 8,
                        "startColumn": 4,
                        "startOffset": 710,
                        "endColumn": 129,
                        "endOffset": 835
                    }
                }
            },
            {
                "to": {
                    "startLine": 55,
                    "startColumn": 4,
                    "startOffset": 7177,
                    "endColumn": 95,
                    "endOffset": 7268
                },
                "from": {
                    "file": "C:\\Users\\shashami\\StudioProjects\\FeedFood\\app\\build\\intermediates\\exploded-aar\\com.android.support\\mediarouter-v7\\23.0.0\\res\\values-sv\\values-sv.xml",
                    "position": {
                        "startLine": 9,
                        "startColumn": 4,
                        "startOffset": 840,
                        "endColumn": 95,
                        "endOffset": 931
                    }
                }
            },
            {
                "to": {
                    "startLine": 56,
                    "startColumn": 4,
                    "startOffset": 7273,
                    "endColumn": 98,
                    "endOffset": 7367
                },
                "from": {
                    "file": "C:\\Users\\shashami\\StudioProjects\\FeedFood\\app\\build\\intermediates\\exploded-aar\\com.android.support\\mediarouter-v7\\23.0.0\\res\\values-sv\\values-sv.xml",
                    "position": {
                        "startLine": 10,
                        "startColumn": 4,
                        "startOffset": 936,
                        "endColumn": 98,
                        "endOffset": 1030
                    }
                }
            },
            {
                "to": {
                    "startLine": 57,
                    "startColumn": 4,
                    "startOffset": 7372,
                    "endColumn": 134,
                    "endOffset": 7502
                },
                "from": {
                    "file": "C:\\Users\\shashami\\StudioProjects\\FeedFood\\app\\build\\intermediates\\exploded-aar\\com.android.support\\mediarouter-v7\\23.0.0\\res\\values-sv\\values-sv.xml",
                    "position": {
                        "startLine": 11,
                        "startColumn": 4,
                        "startOffset": 1035,
                        "endColumn": 134,
                        "endOffset": 1165
                    }
                }
            },
            {
                "to": {
                    "startLine": 58,
                    "startColumn": 4,
                    "startOffset": 7507,
                    "endColumn": 100,
                    "endOffset": 7603
                },
                "from": {
                    "file": "C:\\Users\\shashami\\StudioProjects\\FeedFood\\app\\build\\intermediates\\exploded-aar\\com.android.support\\mediarouter-v7\\23.0.0\\res\\values-sv\\values-sv.xml",
                    "position": {
                        "startLine": 12,
                        "startColumn": 4,
                        "startOffset": 1170,
                        "endColumn": 100,
                        "endOffset": 1266
                    }
                }
            },
            {
                "to": {
                    "startLine": 59,
                    "startColumn": 4,
                    "startOffset": 7608,
                    "endColumn": 85,
                    "endOffset": 7689
                },
                "from": {
                    "file": "C:\\Users\\shashami\\StudioProjects\\FeedFood\\app\\build\\intermediates\\exploded-aar\\com.android.support\\mediarouter-v7\\23.0.0\\res\\values-sv\\values-sv.xml",
                    "position": {
                        "startLine": 13,
                        "startColumn": 4,
                        "startOffset": 1271,
                        "endColumn": 85,
                        "endOffset": 1352
                    }
                }
            },
            {
                "to": {
                    "startLine": 60,
                    "startColumn": 4,
                    "startOffset": 7694,
                    "endColumn": 93,
                    "endOffset": 7783
                },
                "from": {
                    "file": "C:\\Users\\shashami\\StudioProjects\\FeedFood\\app\\build\\intermediates\\exploded-aar\\com.android.support\\mediarouter-v7\\23.0.0\\res\\values-sv\\values-sv.xml",
                    "position": {
                        "startLine": 14,
                        "startColumn": 4,
                        "startOffset": 1357,
                        "endColumn": 93,
                        "endOffset": 1446
                    }
                }
            },
            {
                "to": {
                    "startLine": 61,
                    "startColumn": 4,
                    "startOffset": 7788,
                    "endColumn": 103,
                    "endOffset": 7887
                },
                "from": {
                    "file": "C:\\Users\\shashami\\StudioProjects\\FeedFood\\app\\build\\intermediates\\exploded-aar\\com.google.android.gms\\play-services-location\\8.4.0\\res\\values-sv\\location_strings.xml",
                    "position": {
                        "startLine": 6,
                        "startColumn": 4,
                        "startOffset": 324,
                        "endColumn": 103,
                        "endOffset": 423
                    }
                }
            },
            {
                "to": {
                    "startLine": 62,
                    "startColumn": 4,
                    "startOffset": 7892,
                    "endColumn": 93,
                    "endOffset": 7981
                },
                "from": {
                    "file": "C:\\Users\\shashami\\StudioProjects\\FeedFood\\app\\build\\intermediates\\exploded-aar\\com.google.android.gms\\play-services-location\\8.4.0\\res\\values-sv\\location_strings.xml",
                    "position": {
                        "startLine": 5,
                        "startColumn": 4,
                        "startOffset": 230,
                        "endColumn": 93,
                        "endOffset": 319
                    }
                }
            },
            {
                "to": {
                    "startLine": 63,
                    "startColumn": 4,
                    "startOffset": 7986,
                    "endColumn": 100,
                    "endOffset": 8082
                },
                "from": {
                    "file": "C:\\Users\\shashami\\StudioProjects\\FeedFood\\app\\build\\intermediates\\exploded-aar\\com.android.support\\appcompat-v7\\23.1.1\\res\\values-sv\\values-sv.xml",
                    "position": {
                        "startLine": 23,
                        "startColumn": 4,
                        "startOffset": 2142,
                        "endColumn": 100,
                        "endOffset": 2238
                    }
                }
            },
            {
                "to": {
                    "startLine": 64,
                    "startColumn": 4,
                    "startOffset": 8087,
                    "endColumn": 103,
                    "endOffset": 8186
                },
                "from": {
                    "file": "C:\\Users\\shashami\\StudioProjects\\FeedFood\\app\\build\\intermediates\\exploded-aar\\com.google.android.gms\\play-services-wallet\\8.4.0\\res\\values-sv\\wallet_strings.xml",
                    "position": {
                        "startLine": 5,
                        "startColumn": 4,
                        "startOffset": 230,
                        "endColumn": 103,
                        "endOffset": 329
                    }
                }
            }
        ]
    }
]