[
    {
        "outputFile": "C:\\Users\\shashami\\StudioProjects\\FeedFood\\app\\build\\intermediates\\res\\merged\\debug\\values-v23\\values-v23.xml",
        "map": [
            {
                "to": {
                    "startLine": 2,
                    "startColumn": 4,
                    "startOffset": 55,
                    "endColumn": 134,
                    "endOffset": 185
                },
                "from": {
                    "file": "C:\\Users\\shashami\\StudioProjects\\FeedFood\\app\\build\\intermediates\\exploded-aar\\com.android.support\\appcompat-v7\\23.1.1\\res\\values-v23\\values-v23.xml",
                    "position": {
                        "startLine": 4,
                        "startColumn": 4,
                        "startOffset": 239,
                        "endColumn": 134,
                        "endOffset": 369
                    }
                }
            },
            {
                "to": {
                    "startLine": 3,
                    "startColumn": 4,
                    "startOffset": 190,
                    "endColumn": 74,
                    "endOffset": 260
                },
                "from": {
                    "file": "C:\\Users\\shashami\\StudioProjects\\FeedFood\\app\\build\\intermediates\\exploded-aar\\com.android.support\\appcompat-v7\\23.1.1\\res\\values-v23\\values-v23.xml",
                    "position": {
                        "startLine": 7,
                        "startColumn": 4,
                        "startOffset": 553,
                        "endColumn": 74,
                        "endOffset": 623
                    }
                }
            },
            {
                "to": {
                    "startLine": 4,
                    "startColumn": 4,
                    "startOffset": 265,
                    "endColumn": 86,
                    "endOffset": 347
                },
                "from": {
                    "file": "C:\\Users\\shashami\\StudioProjects\\FeedFood\\app\\build\\intermediates\\exploded-aar\\com.android.support\\appcompat-v7\\23.1.1\\res\\values-v23\\values-v23.xml",
                    "position": {
                        "startLine": 8,
                        "startColumn": 4,
                        "startOffset": 628,
                        "endColumn": 86,
                        "endOffset": 710
                    }
                }
            },
            {
                "to": {
                    "startLine": 5,
                    "startColumn": 4,
                    "startOffset": 352,
                    "endLine": 13,
                    "endColumn": 12,
                    "endOffset": 905
                },
                "from": {
                    "file": "C:\\Users\\shashami\\StudioProjects\\FeedFood\\app\\build\\intermediates\\exploded-aar\\com.android.support\\appcompat-v7\\23.1.1\\res\\values-v23\\values-v23.xml",
                    "position": {
                        "startLine": 9,
                        "startColumn": 4,
                        "startOffset": 715,
                        "endLine": 17,
                        "endColumn": 12,
                        "endOffset": 1268
                    }
                }
            },
            {
                "to": {
                    "startLine": 14,
                    "startColumn": 4,
                    "startOffset": 910,
                    "endLine": 22,
                    "endColumn": 12,
                    "endOffset": 1475
                },
                "from": {
                    "file": "C:\\Users\\shashami\\StudioProjects\\FeedFood\\app\\build\\intermediates\\exploded-aar\\com.android.support\\appcompat-v7\\23.1.1\\res\\values-v23\\values-v23.xml",
                    "position": {
                        "startLine": 18,
                        "startColumn": 4,
                        "startOffset": 1273,
                        "endLine": 26,
                        "endColumn": 12,
                        "endOffset": 1838
                    }
                }
            },
            {
                "to": {
                    "startLine": 23,
                    "startColumn": 4,
                    "startOffset": 1480,
                    "endColumn": 104,
                    "endOffset": 1580
                },
                "from": {
                    "file": "C:\\Users\\shashami\\StudioProjects\\FeedFood\\app\\build\\intermediates\\exploded-aar\\com.android.support\\appcompat-v7\\23.1.1\\res\\values-v23\\values-v23.xml",
                    "position": {
                        "startLine": 29,
                        "startColumn": 4,
                        "startOffset": 2022,
                        "endColumn": 104,
                        "endOffset": 2122
                    }
                }
            }
        ]
    }
]