[
    {
        "merged": "C:\\Users\\shashami\\StudioProjects\\FeedFood\\app\\build\\intermediates\\res\\merged\\debug\\color\\abc_secondary_text_material_light.xml",
        "source": "C:\\Users\\shashami\\StudioProjects\\FeedFood\\app\\build\\intermediates\\exploded-aar\\com.android.support\\appcompat-v7\\23.1.1\\res\\color\\abc_secondary_text_material_light.xml"
    },
    {
        "merged": "C:\\Users\\shashami\\StudioProjects\\FeedFood\\app\\build\\intermediates\\res\\merged\\debug\\color\\switch_thumb_material_dark.xml",
        "source": "C:\\Users\\shashami\\StudioProjects\\FeedFood\\app\\build\\intermediates\\exploded-aar\\com.android.support\\appcompat-v7\\23.1.1\\res\\color\\switch_thumb_material_dark.xml"
    },
    {
        "merged": "C:\\Users\\shashami\\StudioProjects\\FeedFood\\app\\build\\intermediates\\res\\merged\\debug\\color\\common_plus_signin_btn_text_light.xml",
        "source": "C:\\Users\\shashami\\StudioProjects\\FeedFood\\app\\build\\intermediates\\exploded-aar\\com.google.android.gms\\play-services-base\\8.4.0\\res\\color\\common_plus_signin_btn_text_light.xml"
    },
    {
        "merged": "C:\\Users\\shashami\\StudioProjects\\FeedFood\\app\\build\\intermediates\\res\\merged\\debug\\color\\abc_search_url_text.xml",
        "source": "C:\\Users\\shashami\\StudioProjects\\FeedFood\\app\\build\\intermediates\\exploded-aar\\com.android.support\\appcompat-v7\\23.1.1\\res\\color\\abc_search_url_text.xml"
    },
    {
        "merged": "C:\\Users\\shashami\\StudioProjects\\FeedFood\\app\\build\\intermediates\\res\\merged\\debug\\color\\abc_secondary_text_material_dark.xml",
        "source": "C:\\Users\\shashami\\StudioProjects\\FeedFood\\app\\build\\intermediates\\exploded-aar\\com.android.support\\appcompat-v7\\23.1.1\\res\\color\\abc_secondary_text_material_dark.xml"
    },
    {
        "merged": "C:\\Users\\shashami\\StudioProjects\\FeedFood\\app\\build\\intermediates\\res\\merged\\debug\\color\\common_google_signin_btn_text_light.xml",
        "source": "C:\\Users\\shashami\\StudioProjects\\FeedFood\\app\\build\\intermediates\\exploded-aar\\com.google.android.gms\\play-services-base\\8.4.0\\res\\color\\common_google_signin_btn_text_light.xml"
    },
    {
        "merged": "C:\\Users\\shashami\\StudioProjects\\FeedFood\\app\\build\\intermediates\\res\\merged\\debug\\color\\wallet_primary_text_holo_light.xml",
        "source": "C:\\Users\\shashami\\StudioProjects\\FeedFood\\app\\build\\intermediates\\exploded-aar\\com.google.android.gms\\play-services-wallet\\8.4.0\\res\\color\\wallet_primary_text_holo_light.xml"
    },
    {
        "merged": "C:\\Users\\shashami\\StudioProjects\\FeedFood\\app\\build\\intermediates\\res\\merged\\debug\\color\\abc_primary_text_disable_only_material_light.xml",
        "source": "C:\\Users\\shashami\\StudioProjects\\FeedFood\\app\\build\\intermediates\\exploded-aar\\com.android.support\\appcompat-v7\\23.1.1\\res\\color\\abc_primary_text_disable_only_material_light.xml"
    },
    {
        "merged": "C:\\Users\\shashami\\StudioProjects\\FeedFood\\app\\build\\intermediates\\res\\merged\\debug\\color\\abc_primary_text_disable_only_material_dark.xml",
        "source": "C:\\Users\\shashami\\StudioProjects\\FeedFood\\app\\build\\intermediates\\exploded-aar\\com.android.support\\appcompat-v7\\23.1.1\\res\\color\\abc_primary_text_disable_only_material_dark.xml"
    },
    {
        "merged": "C:\\Users\\shashami\\StudioProjects\\FeedFood\\app\\build\\intermediates\\res\\merged\\debug\\color\\abc_primary_text_material_light.xml",
        "source": "C:\\Users\\shashami\\StudioProjects\\FeedFood\\app\\build\\intermediates\\exploded-aar\\com.android.support\\appcompat-v7\\23.1.1\\res\\color\\abc_primary_text_material_light.xml"
    },
    {
        "merged": "C:\\Users\\shashami\\StudioProjects\\FeedFood\\app\\build\\intermediates\\res\\merged\\debug\\color\\abc_primary_text_material_dark.xml",
        "source": "C:\\Users\\shashami\\StudioProjects\\FeedFood\\app\\build\\intermediates\\exploded-aar\\com.android.support\\appcompat-v7\\23.1.1\\res\\color\\abc_primary_text_material_dark.xml"
    },
    {
        "merged": "C:\\Users\\shashami\\StudioProjects\\FeedFood\\app\\build\\intermediates\\res\\merged\\debug\\color\\common_plus_signin_btn_text_dark.xml",
        "source": "C:\\Users\\shashami\\StudioProjects\\FeedFood\\app\\build\\intermediates\\exploded-aar\\com.google.android.gms\\play-services-base\\8.4.0\\res\\color\\common_plus_signin_btn_text_dark.xml"
    },
    {
        "merged": "C:\\Users\\shashami\\StudioProjects\\FeedFood\\app\\build\\intermediates\\res\\merged\\debug\\color\\common_google_signin_btn_text_dark.xml",
        "source": "C:\\Users\\shashami\\StudioProjects\\FeedFood\\app\\build\\intermediates\\exploded-aar\\com.google.android.gms\\play-services-base\\8.4.0\\res\\color\\common_google_signin_btn_text_dark.xml"
    },
    {
        "merged": "C:\\Users\\shashami\\StudioProjects\\FeedFood\\app\\build\\intermediates\\res\\merged\\debug\\color\\wallet_secondary_text_holo_dark.xml",
        "source": "C:\\Users\\shashami\\StudioProjects\\FeedFood\\app\\build\\intermediates\\exploded-aar\\com.google.android.gms\\play-services-wallet\\8.4.0\\res\\color\\wallet_secondary_text_holo_dark.xml"
    },
    {
        "merged": "C:\\Users\\shashami\\StudioProjects\\FeedFood\\app\\build\\intermediates\\res\\merged\\debug\\color\\switch_thumb_material_light.xml",
        "source": "C:\\Users\\shashami\\StudioProjects\\FeedFood\\app\\build\\intermediates\\exploded-aar\\com.android.support\\appcompat-v7\\23.1.1\\res\\color\\switch_thumb_material_light.xml"
    }
]