[
    {
        "merged": "C:\\Users\\shashami\\StudioProjects\\FeedFood\\app\\build\\intermediates\\res\\merged\\debug\\drawable\\abc_seekbar_thumb_material.xml",
        "source": "C:\\Users\\shashami\\StudioProjects\\FeedFood\\app\\build\\intermediates\\exploded-aar\\com.android.support\\appcompat-v7\\23.1.1\\res\\drawable\\abc_seekbar_thumb_material.xml"
    },
    {
        "merged": "C:\\Users\\shashami\\StudioProjects\\FeedFood\\app\\build\\intermediates\\res\\merged\\debug\\drawable\\ic_menu_share.xml",
        "source": "C:\\Users\\shashami\\StudioProjects\\FeedFood\\app\\src\\main\\res\\drawable\\ic_menu_share.xml"
    },
    {
        "merged": "C:\\Users\\shashami\\StudioProjects\\FeedFood\\app\\build\\intermediates\\res\\merged\\debug\\drawable\\abc_list_selector_background_transition_holo_light.xml",
        "source": "C:\\Users\\shashami\\StudioProjects\\FeedFood\\app\\build\\intermediates\\exploded-aar\\com.android.support\\appcompat-v7\\23.1.1\\res\\drawable\\abc_list_selector_background_transition_holo_light.xml"
    },
    {
        "merged": "C:\\Users\\shashami\\StudioProjects\\FeedFood\\app\\build\\intermediates\\res\\merged\\debug\\drawable\\design_snackbar_background.xml",
        "source": "C:\\Users\\shashami\\StudioProjects\\FeedFood\\app\\build\\intermediates\\exploded-aar\\com.android.support\\design\\23.1.1\\res\\drawable\\design_snackbar_background.xml"
    },
    {
        "merged": "C:\\Users\\shashami\\StudioProjects\\FeedFood\\app\\build\\intermediates\\res\\merged\\debug\\drawable\\abc_textfield_search_material.xml",
        "source": "C:\\Users\\shashami\\StudioProjects\\FeedFood\\app\\build\\intermediates\\exploded-aar\\com.android.support\\appcompat-v7\\23.1.1\\res\\drawable\\abc_textfield_search_material.xml"
    },
    {
        "merged": "C:\\Users\\shashami\\StudioProjects\\FeedFood\\app\\build\\intermediates\\res\\merged\\debug\\drawable\\abc_cab_background_top_material.xml",
        "source": "C:\\Users\\shashami\\StudioProjects\\FeedFood\\app\\build\\intermediates\\exploded-aar\\com.android.support\\appcompat-v7\\23.1.1\\res\\drawable\\abc_cab_background_top_material.xml"
    },
    {
        "merged": "C:\\Users\\shashami\\StudioProjects\\FeedFood\\app\\build\\intermediates\\res\\merged\\debug\\drawable\\abc_item_background_holo_dark.xml",
        "source": "C:\\Users\\shashami\\StudioProjects\\FeedFood\\app\\build\\intermediates\\exploded-aar\\com.android.support\\appcompat-v7\\23.1.1\\res\\drawable\\abc_item_background_holo_dark.xml"
    },
    {
        "merged": "C:\\Users\\shashami\\StudioProjects\\FeedFood\\app\\build\\intermediates\\res\\merged\\debug\\drawable\\ic_menu_send.xml",
        "source": "C:\\Users\\shashami\\StudioProjects\\FeedFood\\app\\src\\main\\res\\drawable\\ic_menu_send.xml"
    },
    {
        "merged": "C:\\Users\\shashami\\StudioProjects\\FeedFood\\app\\build\\intermediates\\res\\merged\\debug\\drawable\\mr_ic_media_route_mono_dark.xml",
        "source": "C:\\Users\\shashami\\StudioProjects\\FeedFood\\app\\build\\intermediates\\exploded-aar\\com.android.support\\mediarouter-v7\\23.0.0\\res\\drawable\\mr_ic_media_route_mono_dark.xml"
    },
    {
        "merged": "C:\\Users\\shashami\\StudioProjects\\FeedFood\\app\\build\\intermediates\\res\\merged\\debug\\drawable\\common_plus_signin_btn_icon_dark.xml",
        "source": "C:\\Users\\shashami\\StudioProjects\\FeedFood\\app\\build\\intermediates\\exploded-aar\\com.google.android.gms\\play-services-base\\8.4.0\\res\\drawable\\common_plus_signin_btn_icon_dark.xml"
    },
    {
        "merged": "C:\\Users\\shashami\\StudioProjects\\FeedFood\\app\\build\\intermediates\\res\\merged\\debug\\drawable\\ic_sync_black_24dp.xml",
        "source": "C:\\Users\\shashami\\StudioProjects\\FeedFood\\app\\src\\main\\res\\drawable\\ic_sync_black_24dp.xml"
    },
    {
        "merged": "C:\\Users\\shashami\\StudioProjects\\FeedFood\\app\\build\\intermediates\\res\\merged\\debug\\drawable\\ic_menu_manage.xml",
        "source": "C:\\Users\\shashami\\StudioProjects\\FeedFood\\app\\src\\main\\res\\drawable\\ic_menu_manage.xml"
    },
    {
        "merged": "C:\\Users\\shashami\\StudioProjects\\FeedFood\\app\\build\\intermediates\\res\\merged\\debug\\drawable\\abc_spinner_textfield_background_material.xml",
        "source": "C:\\Users\\shashami\\StudioProjects\\FeedFood\\app\\build\\intermediates\\exploded-aar\\com.android.support\\appcompat-v7\\23.1.1\\res\\drawable\\abc_spinner_textfield_background_material.xml"
    },
    {
        "merged": "C:\\Users\\shashami\\StudioProjects\\FeedFood\\app\\build\\intermediates\\res\\merged\\debug\\drawable\\common_plus_signin_btn_icon_light.xml",
        "source": "C:\\Users\\shashami\\StudioProjects\\FeedFood\\app\\build\\intermediates\\exploded-aar\\com.google.android.gms\\play-services-base\\8.4.0\\res\\drawable\\common_plus_signin_btn_icon_light.xml"
    },
    {
        "merged": "C:\\Users\\shashami\\StudioProjects\\FeedFood\\app\\build\\intermediates\\res\\merged\\debug\\drawable\\abc_dialog_material_background_light.xml",
        "source": "C:\\Users\\shashami\\StudioProjects\\FeedFood\\app\\build\\intermediates\\exploded-aar\\com.android.support\\appcompat-v7\\23.1.1\\res\\drawable\\abc_dialog_material_background_light.xml"
    },
    {
        "merged": "C:\\Users\\shashami\\StudioProjects\\FeedFood\\app\\build\\intermediates\\res\\merged\\debug\\drawable\\ic_notifications_black_24dp.xml",
        "source": "C:\\Users\\shashami\\StudioProjects\\FeedFood\\app\\src\\main\\res\\drawable\\ic_notifications_black_24dp.xml"
    },
    {
        "merged": "C:\\Users\\shashami\\StudioProjects\\FeedFood\\app\\build\\intermediates\\res\\merged\\debug\\drawable\\abc_btn_borderless_material.xml",
        "source": "C:\\Users\\shashami\\StudioProjects\\FeedFood\\app\\build\\intermediates\\exploded-aar\\com.android.support\\appcompat-v7\\23.1.1\\res\\drawable\\abc_btn_borderless_material.xml"
    },
    {
        "merged": "C:\\Users\\shashami\\StudioProjects\\FeedFood\\app\\build\\intermediates\\res\\merged\\debug\\drawable\\mr_ic_settings_light.xml",
        "source": "C:\\Users\\shashami\\StudioProjects\\FeedFood\\app\\build\\intermediates\\exploded-aar\\com.android.support\\mediarouter-v7\\23.0.0\\res\\drawable\\mr_ic_settings_light.xml"
    },
    {
        "merged": "C:\\Users\\shashami\\StudioProjects\\FeedFood\\app\\build\\intermediates\\res\\merged\\debug\\drawable\\design_fab_background.xml",
        "source": "C:\\Users\\shashami\\StudioProjects\\FeedFood\\app\\build\\intermediates\\exploded-aar\\com.android.support\\design\\23.1.1\\res\\drawable\\design_fab_background.xml"
    },
    {
        "merged": "C:\\Users\\shashami\\StudioProjects\\FeedFood\\app\\build\\intermediates\\res\\merged\\debug\\drawable\\abc_tab_indicator_material.xml",
        "source": "C:\\Users\\shashami\\StudioProjects\\FeedFood\\app\\build\\intermediates\\exploded-aar\\com.android.support\\appcompat-v7\\23.1.1\\res\\drawable\\abc_tab_indicator_material.xml"
    },
    {
        "merged": "C:\\Users\\shashami\\StudioProjects\\FeedFood\\app\\build\\intermediates\\res\\merged\\debug\\drawable\\abc_ratingbar_full_material.xml",
        "source": "C:\\Users\\shashami\\StudioProjects\\FeedFood\\app\\build\\intermediates\\exploded-aar\\com.android.support\\appcompat-v7\\23.1.1\\res\\drawable\\abc_ratingbar_full_material.xml"
    },
    {
        "merged": "C:\\Users\\shashami\\StudioProjects\\FeedFood\\app\\build\\intermediates\\res\\merged\\debug\\drawable\\mr_ic_play_light.xml",
        "source": "C:\\Users\\shashami\\StudioProjects\\FeedFood\\app\\build\\intermediates\\exploded-aar\\com.android.support\\mediarouter-v7\\23.0.0\\res\\drawable\\mr_ic_play_light.xml"
    },
    {
        "merged": "C:\\Users\\shashami\\StudioProjects\\FeedFood\\app\\build\\intermediates\\res\\merged\\debug\\drawable\\common_google_signin_btn_icon_light.xml",
        "source": "C:\\Users\\shashami\\StudioProjects\\FeedFood\\app\\build\\intermediates\\exploded-aar\\com.google.android.gms\\play-services-base\\8.4.0\\res\\drawable\\common_google_signin_btn_icon_light.xml"
    },
    {
        "merged": "C:\\Users\\shashami\\StudioProjects\\FeedFood\\app\\build\\intermediates\\res\\merged\\debug\\drawable\\abc_seekbar_track_material.xml",
        "source": "C:\\Users\\shashami\\StudioProjects\\FeedFood\\app\\build\\intermediates\\exploded-aar\\com.android.support\\appcompat-v7\\23.1.1\\res\\drawable\\abc_seekbar_track_material.xml"
    },
    {
        "merged": "C:\\Users\\shashami\\StudioProjects\\FeedFood\\app\\build\\intermediates\\res\\merged\\debug\\drawable\\abc_list_selector_background_transition_holo_dark.xml",
        "source": "C:\\Users\\shashami\\StudioProjects\\FeedFood\\app\\build\\intermediates\\exploded-aar\\com.android.support\\appcompat-v7\\23.1.1\\res\\drawable\\abc_list_selector_background_transition_holo_dark.xml"
    },
    {
        "merged": "C:\\Users\\shashami\\StudioProjects\\FeedFood\\app\\build\\intermediates\\res\\merged\\debug\\drawable\\common_google_signin_btn_text_dark.xml",
        "source": "C:\\Users\\shashami\\StudioProjects\\FeedFood\\app\\build\\intermediates\\exploded-aar\\com.google.android.gms\\play-services-base\\8.4.0\\res\\drawable\\common_google_signin_btn_text_dark.xml"
    },
    {
        "merged": "C:\\Users\\shashami\\StudioProjects\\FeedFood\\app\\build\\intermediates\\res\\merged\\debug\\drawable\\mr_ic_cast_light.xml",
        "source": "C:\\Users\\shashami\\StudioProjects\\FeedFood\\app\\build\\intermediates\\exploded-aar\\com.android.support\\mediarouter-v7\\23.0.0\\res\\drawable\\mr_ic_cast_light.xml"
    },
    {
        "merged": "C:\\Users\\shashami\\StudioProjects\\FeedFood\\app\\build\\intermediates\\res\\merged\\debug\\drawable\\common_google_signin_btn_icon_dark.xml",
        "source": "C:\\Users\\shashami\\StudioProjects\\FeedFood\\app\\build\\intermediates\\exploded-aar\\com.google.android.gms\\play-services-base\\8.4.0\\res\\drawable\\common_google_signin_btn_icon_dark.xml"
    },
    {
        "merged": "C:\\Users\\shashami\\StudioProjects\\FeedFood\\app\\build\\intermediates\\res\\merged\\debug\\drawable\\mr_ic_pause_light.xml",
        "source": "C:\\Users\\shashami\\StudioProjects\\FeedFood\\app\\build\\intermediates\\exploded-aar\\com.android.support\\mediarouter-v7\\23.0.0\\res\\drawable\\mr_ic_pause_light.xml"
    },
    {
        "merged": "C:\\Users\\shashami\\StudioProjects\\FeedFood\\app\\build\\intermediates\\res\\merged\\debug\\drawable\\cast_ic_notification_connecting.xml",
        "source": "C:\\Users\\shashami\\StudioProjects\\FeedFood\\app\\build\\intermediates\\exploded-aar\\com.google.android.gms\\play-services-cast\\8.4.0\\res\\drawable\\cast_ic_notification_connecting.xml"
    },
    {
        "merged": "C:\\Users\\shashami\\StudioProjects\\FeedFood\\app\\build\\intermediates\\res\\merged\\debug\\drawable\\abc_list_selector_holo_light.xml",
        "source": "C:\\Users\\shashami\\StudioProjects\\FeedFood\\app\\build\\intermediates\\exploded-aar\\com.android.support\\appcompat-v7\\23.1.1\\res\\drawable\\abc_list_selector_holo_light.xml"
    },
    {
        "merged": "C:\\Users\\shashami\\StudioProjects\\FeedFood\\app\\build\\intermediates\\res\\merged\\debug\\drawable\\abc_item_background_holo_light.xml",
        "source": "C:\\Users\\shashami\\StudioProjects\\FeedFood\\app\\build\\intermediates\\exploded-aar\\com.android.support\\appcompat-v7\\23.1.1\\res\\drawable\\abc_item_background_holo_light.xml"
    },
    {
        "merged": "C:\\Users\\shashami\\StudioProjects\\FeedFood\\app\\build\\intermediates\\res\\merged\\debug\\drawable\\abc_btn_default_mtrl_shape.xml",
        "source": "C:\\Users\\shashami\\StudioProjects\\FeedFood\\app\\build\\intermediates\\exploded-aar\\com.android.support\\appcompat-v7\\23.1.1\\res\\drawable\\abc_btn_default_mtrl_shape.xml"
    },
    {
        "merged": "C:\\Users\\shashami\\StudioProjects\\FeedFood\\app\\build\\intermediates\\res\\merged\\debug\\drawable\\mr_ic_cast_dark.xml",
        "source": "C:\\Users\\shashami\\StudioProjects\\FeedFood\\app\\build\\intermediates\\exploded-aar\\com.android.support\\mediarouter-v7\\23.0.0\\res\\drawable\\mr_ic_cast_dark.xml"
    },
    {
        "merged": "C:\\Users\\shashami\\StudioProjects\\FeedFood\\app\\build\\intermediates\\res\\merged\\debug\\drawable\\abc_switch_thumb_material.xml",
        "source": "C:\\Users\\shashami\\StudioProjects\\FeedFood\\app\\build\\intermediates\\exploded-aar\\com.android.support\\appcompat-v7\\23.1.1\\res\\drawable\\abc_switch_thumb_material.xml"
    },
    {
        "merged": "C:\\Users\\shashami\\StudioProjects\\FeedFood\\app\\build\\intermediates\\res\\merged\\debug\\drawable\\mr_ic_play_dark.xml",
        "source": "C:\\Users\\shashami\\StudioProjects\\FeedFood\\app\\build\\intermediates\\exploded-aar\\com.android.support\\mediarouter-v7\\23.0.0\\res\\drawable\\mr_ic_play_dark.xml"
    },
    {
        "merged": "C:\\Users\\shashami\\StudioProjects\\FeedFood\\app\\build\\intermediates\\res\\merged\\debug\\drawable\\side_nav_bar.xml",
        "source": "C:\\Users\\shashami\\StudioProjects\\FeedFood\\app\\src\\main\\res\\drawable\\side_nav_bar.xml"
    },
    {
        "merged": "C:\\Users\\shashami\\StudioProjects\\FeedFood\\app\\build\\intermediates\\res\\merged\\debug\\drawable\\mr_ic_pause_dark.xml",
        "source": "C:\\Users\\shashami\\StudioProjects\\FeedFood\\app\\build\\intermediates\\exploded-aar\\com.android.support\\mediarouter-v7\\23.0.0\\res\\drawable\\mr_ic_pause_dark.xml"
    },
    {
        "merged": "C:\\Users\\shashami\\StudioProjects\\FeedFood\\app\\build\\intermediates\\res\\merged\\debug\\drawable\\common_google_signin_btn_text_light.xml",
        "source": "C:\\Users\\shashami\\StudioProjects\\FeedFood\\app\\build\\intermediates\\exploded-aar\\com.google.android.gms\\play-services-base\\8.4.0\\res\\drawable\\common_google_signin_btn_text_light.xml"
    },
    {
        "merged": "C:\\Users\\shashami\\StudioProjects\\FeedFood\\app\\build\\intermediates\\res\\merged\\debug\\drawable\\mr_ic_media_route_mono_light.xml",
        "source": "C:\\Users\\shashami\\StudioProjects\\FeedFood\\app\\build\\intermediates\\exploded-aar\\com.android.support\\mediarouter-v7\\23.0.0\\res\\drawable\\mr_ic_media_route_mono_light.xml"
    },
    {
        "merged": "C:\\Users\\shashami\\StudioProjects\\FeedFood\\app\\build\\intermediates\\res\\merged\\debug\\drawable\\ic_info_black_24dp.xml",
        "source": "C:\\Users\\shashami\\StudioProjects\\FeedFood\\app\\src\\main\\res\\drawable\\ic_info_black_24dp.xml"
    },
    {
        "merged": "C:\\Users\\shashami\\StudioProjects\\FeedFood\\app\\build\\intermediates\\res\\merged\\debug\\drawable\\mr_ic_settings_dark.xml",
        "source": "C:\\Users\\shashami\\StudioProjects\\FeedFood\\app\\build\\intermediates\\exploded-aar\\com.android.support\\mediarouter-v7\\23.0.0\\res\\drawable\\mr_ic_settings_dark.xml"
    },
    {
        "merged": "C:\\Users\\shashami\\StudioProjects\\FeedFood\\app\\build\\intermediates\\res\\merged\\debug\\drawable\\abc_cab_background_internal_bg.xml",
        "source": "C:\\Users\\shashami\\StudioProjects\\FeedFood\\app\\build\\intermediates\\exploded-aar\\com.android.support\\appcompat-v7\\23.1.1\\res\\drawable\\abc_cab_background_internal_bg.xml"
    },
    {
        "merged": "C:\\Users\\shashami\\StudioProjects\\FeedFood\\app\\build\\intermediates\\res\\merged\\debug\\drawable\\ic_menu_slideshow.xml",
        "source": "C:\\Users\\shashami\\StudioProjects\\FeedFood\\app\\src\\main\\res\\drawable\\ic_menu_slideshow.xml"
    },
    {
        "merged": "C:\\Users\\shashami\\StudioProjects\\FeedFood\\app\\build\\intermediates\\res\\merged\\debug\\drawable\\mr_ic_media_route_connecting_mono_light.xml",
        "source": "C:\\Users\\shashami\\StudioProjects\\FeedFood\\app\\build\\intermediates\\exploded-aar\\com.android.support\\mediarouter-v7\\23.0.0\\res\\drawable\\mr_ic_media_route_connecting_mono_light.xml"
    },
    {
        "merged": "C:\\Users\\shashami\\StudioProjects\\FeedFood\\app\\build\\intermediates\\res\\merged\\debug\\drawable\\mr_ic_media_route_connecting_mono_dark.xml",
        "source": "C:\\Users\\shashami\\StudioProjects\\FeedFood\\app\\build\\intermediates\\exploded-aar\\com.android.support\\mediarouter-v7\\23.0.0\\res\\drawable\\mr_ic_media_route_connecting_mono_dark.xml"
    },
    {
        "merged": "C:\\Users\\shashami\\StudioProjects\\FeedFood\\app\\build\\intermediates\\res\\merged\\debug\\drawable\\abc_list_selector_holo_dark.xml",
        "source": "C:\\Users\\shashami\\StudioProjects\\FeedFood\\app\\build\\intermediates\\exploded-aar\\com.android.support\\appcompat-v7\\23.1.1\\res\\drawable\\abc_list_selector_holo_dark.xml"
    },
    {
        "merged": "C:\\Users\\shashami\\StudioProjects\\FeedFood\\app\\build\\intermediates\\res\\merged\\debug\\drawable\\abc_btn_radio_material.xml",
        "source": "C:\\Users\\shashami\\StudioProjects\\FeedFood\\app\\build\\intermediates\\exploded-aar\\com.android.support\\appcompat-v7\\23.1.1\\res\\drawable\\abc_btn_radio_material.xml"
    },
    {
        "merged": "C:\\Users\\shashami\\StudioProjects\\FeedFood\\app\\build\\intermediates\\res\\merged\\debug\\drawable\\abc_text_cursor_material.xml",
        "source": "C:\\Users\\shashami\\StudioProjects\\FeedFood\\app\\build\\intermediates\\exploded-aar\\com.android.support\\appcompat-v7\\23.1.1\\res\\drawable\\abc_text_cursor_material.xml"
    },
    {
        "merged": "C:\\Users\\shashami\\StudioProjects\\FeedFood\\app\\build\\intermediates\\res\\merged\\debug\\drawable\\abc_edit_text_material.xml",
        "source": "C:\\Users\\shashami\\StudioProjects\\FeedFood\\app\\build\\intermediates\\exploded-aar\\com.android.support\\appcompat-v7\\23.1.1\\res\\drawable\\abc_edit_text_material.xml"
    },
    {
        "merged": "C:\\Users\\shashami\\StudioProjects\\FeedFood\\app\\build\\intermediates\\res\\merged\\debug\\drawable\\abc_btn_check_material.xml",
        "source": "C:\\Users\\shashami\\StudioProjects\\FeedFood\\app\\build\\intermediates\\exploded-aar\\com.android.support\\appcompat-v7\\23.1.1\\res\\drawable\\abc_btn_check_material.xml"
    },
    {
        "merged": "C:\\Users\\shashami\\StudioProjects\\FeedFood\\app\\build\\intermediates\\res\\merged\\debug\\drawable\\common_plus_signin_btn_text_light.xml",
        "source": "C:\\Users\\shashami\\StudioProjects\\FeedFood\\app\\build\\intermediates\\exploded-aar\\com.google.android.gms\\play-services-base\\8.4.0\\res\\drawable\\common_plus_signin_btn_text_light.xml"
    },
    {
        "merged": "C:\\Users\\shashami\\StudioProjects\\FeedFood\\app\\build\\intermediates\\res\\merged\\debug\\drawable\\common_plus_signin_btn_text_dark.xml",
        "source": "C:\\Users\\shashami\\StudioProjects\\FeedFood\\app\\build\\intermediates\\exploded-aar\\com.google.android.gms\\play-services-base\\8.4.0\\res\\drawable\\common_plus_signin_btn_text_dark.xml"
    },
    {
        "merged": "C:\\Users\\shashami\\StudioProjects\\FeedFood\\app\\build\\intermediates\\res\\merged\\debug\\drawable\\ic_menu_camera.xml",
        "source": "C:\\Users\\shashami\\StudioProjects\\FeedFood\\app\\src\\main\\res\\drawable\\ic_menu_camera.xml"
    },
    {
        "merged": "C:\\Users\\shashami\\StudioProjects\\FeedFood\\app\\build\\intermediates\\res\\merged\\debug\\drawable\\ic_menu_gallery.xml",
        "source": "C:\\Users\\shashami\\StudioProjects\\FeedFood\\app\\src\\main\\res\\drawable\\ic_menu_gallery.xml"
    },
    {
        "merged": "C:\\Users\\shashami\\StudioProjects\\FeedFood\\app\\build\\intermediates\\res\\merged\\debug\\drawable\\abc_dialog_material_background_dark.xml",
        "source": "C:\\Users\\shashami\\StudioProjects\\FeedFood\\app\\build\\intermediates\\exploded-aar\\com.android.support\\appcompat-v7\\23.1.1\\res\\drawable\\abc_dialog_material_background_dark.xml"
    }
]