[
    {
        "merged": "C:\\Users\\shashami\\StudioProjects\\FeedFood\\app\\build\\intermediates\\res\\merged\\debug\\drawable-xxhdpi-v4\\abc_btn_radio_to_on_mtrl_015.png",
        "source": "C:\\Users\\shashami\\StudioProjects\\FeedFood\\app\\build\\intermediates\\exploded-aar\\com.android.support\\appcompat-v7\\23.1.1\\res\\drawable-xxhdpi\\abc_btn_radio_to_on_mtrl_015.png"
    },
    {
        "merged": "C:\\Users\\shashami\\StudioProjects\\FeedFood\\app\\build\\intermediates\\res\\merged\\debug\\drawable-xxhdpi-v4\\abc_ic_clear_mtrl_alpha.png",
        "source": "C:\\Users\\shashami\\StudioProjects\\FeedFood\\app\\build\\intermediates\\exploded-aar\\com.android.support\\appcompat-v7\\23.1.1\\res\\drawable-xxhdpi\\abc_ic_clear_mtrl_alpha.png"
    },
    {
        "merged": "C:\\Users\\shashami\\StudioProjects\\FeedFood\\app\\build\\intermediates\\res\\merged\\debug\\drawable-xxhdpi-v4\\abc_ic_menu_paste_mtrl_am_alpha.png",
        "source": "C:\\Users\\shashami\\StudioProjects\\FeedFood\\app\\build\\intermediates\\exploded-aar\\com.android.support\\appcompat-v7\\23.1.1\\res\\drawable-xxhdpi\\abc_ic_menu_paste_mtrl_am_alpha.png"
    },
    {
        "merged": "C:\\Users\\shashami\\StudioProjects\\FeedFood\\app\\build\\intermediates\\res\\merged\\debug\\drawable-xxhdpi-v4\\ic_plusone_tall_off_client.png",
        "source": "C:\\Users\\shashami\\StudioProjects\\FeedFood\\app\\build\\intermediates\\exploded-aar\\com.google.android.gms\\play-services-plus\\8.4.0\\res\\drawable-xxhdpi\\ic_plusone_tall_off_client.png"
    },
    {
        "merged": "C:\\Users\\shashami\\StudioProjects\\FeedFood\\app\\build\\intermediates\\res\\merged\\debug\\drawable-xxhdpi-v4\\ic_cast_on_2_light.png",
        "source": "C:\\Users\\shashami\\StudioProjects\\FeedFood\\app\\build\\intermediates\\exploded-aar\\com.android.support\\mediarouter-v7\\23.0.0\\res\\drawable-xxhdpi\\ic_cast_on_2_light.png"
    },
    {
        "merged": "C:\\Users\\shashami\\StudioProjects\\FeedFood\\app\\build\\intermediates\\res\\merged\\debug\\drawable-xxhdpi-v4\\common_google_signin_btn_text_dark_normal.9.png",
        "source": "C:\\Users\\shashami\\StudioProjects\\FeedFood\\app\\build\\intermediates\\exploded-aar\\com.google.android.gms\\play-services-base\\8.4.0\\res\\drawable-xxhdpi\\common_google_signin_btn_text_dark_normal.9.png"
    },
    {
        "merged": "C:\\Users\\shashami\\StudioProjects\\FeedFood\\app\\build\\intermediates\\res\\merged\\debug\\drawable-xxhdpi-v4\\abc_btn_radio_to_on_mtrl_000.png",
        "source": "C:\\Users\\shashami\\StudioProjects\\FeedFood\\app\\build\\intermediates\\exploded-aar\\com.android.support\\appcompat-v7\\23.1.1\\res\\drawable-xxhdpi\\abc_btn_radio_to_on_mtrl_000.png"
    },
    {
        "merged": "C:\\Users\\shashami\\StudioProjects\\FeedFood\\app\\build\\intermediates\\res\\merged\\debug\\drawable-xxhdpi-v4\\abc_ic_menu_copy_mtrl_am_alpha.png",
        "source": "C:\\Users\\shashami\\StudioProjects\\FeedFood\\app\\build\\intermediates\\exploded-aar\\com.android.support\\appcompat-v7\\23.1.1\\res\\drawable-xxhdpi\\abc_ic_menu_copy_mtrl_am_alpha.png"
    },
    {
        "merged": "C:\\Users\\shashami\\StudioProjects\\FeedFood\\app\\build\\intermediates\\res\\merged\\debug\\drawable-xxhdpi-v4\\ic_cast_on_light.png",
        "source": "C:\\Users\\shashami\\StudioProjects\\FeedFood\\app\\build\\intermediates\\exploded-aar\\com.android.support\\mediarouter-v7\\23.0.0\\res\\drawable-xxhdpi\\ic_cast_on_light.png"
    },
    {
        "merged": "C:\\Users\\shashami\\StudioProjects\\FeedFood\\app\\build\\intermediates\\res\\merged\\debug\\drawable-xxhdpi-v4\\abc_scrubber_control_off_mtrl_alpha.png",
        "source": "C:\\Users\\shashami\\StudioProjects\\FeedFood\\app\\build\\intermediates\\exploded-aar\\com.android.support\\appcompat-v7\\23.1.1\\res\\drawable-xxhdpi\\abc_scrubber_control_off_mtrl_alpha.png"
    },
    {
        "merged": "C:\\Users\\shashami\\StudioProjects\\FeedFood\\app\\build\\intermediates\\res\\merged\\debug\\drawable-xxhdpi-v4\\ic_media_route_on_1_mono_dark.png",
        "source": "C:\\Users\\shashami\\StudioProjects\\FeedFood\\app\\build\\intermediates\\exploded-aar\\com.android.support\\mediarouter-v7\\23.0.0\\res\\drawable-xxhdpi\\ic_media_route_on_1_mono_dark.png"
    },
    {
        "merged": "C:\\Users\\shashami\\StudioProjects\\FeedFood\\app\\build\\intermediates\\res\\merged\\debug\\drawable-xxhdpi-v4\\common_google_signin_btn_text_dark_disabled.9.png",
        "source": "C:\\Users\\shashami\\StudioProjects\\FeedFood\\app\\build\\intermediates\\exploded-aar\\com.google.android.gms\\play-services-base\\8.4.0\\res\\drawable-xxhdpi\\common_google_signin_btn_text_dark_disabled.9.png"
    },
    {
        "merged": "C:\\Users\\shashami\\StudioProjects\\FeedFood\\app\\build\\intermediates\\res\\merged\\debug\\drawable-xxhdpi-v4\\common_plus_signin_btn_text_dark_disabled.9.png",
        "source": "C:\\Users\\shashami\\StudioProjects\\FeedFood\\app\\build\\intermediates\\exploded-aar\\com.google.android.gms\\play-services-base\\8.4.0\\res\\drawable-xxhdpi\\common_plus_signin_btn_text_dark_disabled.9.png"
    },
    {
        "merged": "C:\\Users\\shashami\\StudioProjects\\FeedFood\\app\\build\\intermediates\\res\\merged\\debug\\drawable-xxhdpi-v4\\abc_list_selector_disabled_holo_dark.9.png",
        "source": "C:\\Users\\shashami\\StudioProjects\\FeedFood\\app\\build\\intermediates\\exploded-aar\\com.android.support\\appcompat-v7\\23.1.1\\res\\drawable-xxhdpi\\abc_list_selector_disabled_holo_dark.9.png"
    },
    {
        "merged": "C:\\Users\\shashami\\StudioProjects\\FeedFood\\app\\build\\intermediates\\res\\merged\\debug\\drawable-xxhdpi-v4\\common_google_signin_btn_text_dark_pressed.9.png",
        "source": "C:\\Users\\shashami\\StudioProjects\\FeedFood\\app\\build\\intermediates\\exploded-aar\\com.google.android.gms\\play-services-base\\8.4.0\\res\\drawable-xxhdpi\\common_google_signin_btn_text_dark_pressed.9.png"
    },
    {
        "merged": "C:\\Users\\shashami\\StudioProjects\\FeedFood\\app\\build\\intermediates\\res\\merged\\debug\\drawable-xxhdpi-v4\\abc_list_longpressed_holo.9.png",
        "source": "C:\\Users\\shashami\\StudioProjects\\FeedFood\\app\\build\\intermediates\\exploded-aar\\com.android.support\\appcompat-v7\\23.1.1\\res\\drawable-xxhdpi\\abc_list_longpressed_holo.9.png"
    },
    {
        "merged": "C:\\Users\\shashami\\StudioProjects\\FeedFood\\app\\build\\intermediates\\res\\merged\\debug\\drawable-xxhdpi-v4\\cast_ic_notification_on.png",
        "source": "C:\\Users\\shashami\\StudioProjects\\FeedFood\\app\\build\\intermediates\\exploded-aar\\com.google.android.gms\\play-services-cast\\8.4.0\\res\\drawable-xxhdpi\\cast_ic_notification_on.png"
    },
    {
        "merged": "C:\\Users\\shashami\\StudioProjects\\FeedFood\\app\\build\\intermediates\\res\\merged\\debug\\drawable-xxhdpi-v4\\abc_ic_go_search_api_mtrl_alpha.png",
        "source": "C:\\Users\\shashami\\StudioProjects\\FeedFood\\app\\build\\intermediates\\exploded-aar\\com.android.support\\appcompat-v7\\23.1.1\\res\\drawable-xxhdpi\\abc_ic_go_search_api_mtrl_alpha.png"
    },
    {
        "merged": "C:\\Users\\shashami\\StudioProjects\\FeedFood\\app\\build\\intermediates\\res\\merged\\debug\\drawable-xxhdpi-v4\\abc_switch_track_mtrl_alpha.9.png",
        "source": "C:\\Users\\shashami\\StudioProjects\\FeedFood\\app\\build\\intermediates\\exploded-aar\\com.android.support\\appcompat-v7\\23.1.1\\res\\drawable-xxhdpi\\abc_switch_track_mtrl_alpha.9.png"
    },
    {
        "merged": "C:\\Users\\shashami\\StudioProjects\\FeedFood\\app\\build\\intermediates\\res\\merged\\debug\\drawable-xxhdpi-v4\\common_google_signin_btn_icon_dark_pressed.9.png",
        "source": "C:\\Users\\shashami\\StudioProjects\\FeedFood\\app\\build\\intermediates\\exploded-aar\\com.google.android.gms\\play-services-base\\8.4.0\\res\\drawable-xxhdpi\\common_google_signin_btn_icon_dark_pressed.9.png"
    },
    {
        "merged": "C:\\Users\\shashami\\StudioProjects\\FeedFood\\app\\build\\intermediates\\res\\merged\\debug\\drawable-xxhdpi-v4\\common_google_signin_btn_icon_light_normal.9.png",
        "source": "C:\\Users\\shashami\\StudioProjects\\FeedFood\\app\\build\\intermediates\\exploded-aar\\com.google.android.gms\\play-services-base\\8.4.0\\res\\drawable-xxhdpi\\common_google_signin_btn_icon_light_normal.9.png"
    },
    {
        "merged": "C:\\Users\\shashami\\StudioProjects\\FeedFood\\app\\build\\intermediates\\res\\merged\\debug\\drawable-xxhdpi-v4\\cast_ic_notification_2.png",
        "source": "C:\\Users\\shashami\\StudioProjects\\FeedFood\\app\\build\\intermediates\\exploded-aar\\com.google.android.gms\\play-services-cast\\8.4.0\\res\\drawable-xxhdpi\\cast_ic_notification_2.png"
    },
    {
        "merged": "C:\\Users\\shashami\\StudioProjects\\FeedFood\\app\\build\\intermediates\\res\\merged\\debug\\drawable-xxhdpi-v4\\common_plus_signin_btn_icon_dark_disabled.9.png",
        "source": "C:\\Users\\shashami\\StudioProjects\\FeedFood\\app\\build\\intermediates\\exploded-aar\\com.google.android.gms\\play-services-base\\8.4.0\\res\\drawable-xxhdpi\\common_plus_signin_btn_icon_dark_disabled.9.png"
    },
    {
        "merged": "C:\\Users\\shashami\\StudioProjects\\FeedFood\\app\\build\\intermediates\\res\\merged\\debug\\drawable-xxhdpi-v4\\ic_media_route_on_mono_dark.png",
        "source": "C:\\Users\\shashami\\StudioProjects\\FeedFood\\app\\build\\intermediates\\exploded-aar\\com.android.support\\mediarouter-v7\\23.0.0\\res\\drawable-xxhdpi\\ic_media_route_on_mono_dark.png"
    },
    {
        "merged": "C:\\Users\\shashami\\StudioProjects\\FeedFood\\app\\build\\intermediates\\res\\merged\\debug\\drawable-xxhdpi-v4\\ic_cast_dark.png",
        "source": "C:\\Users\\shashami\\StudioProjects\\FeedFood\\app\\build\\intermediates\\exploded-aar\\com.android.support\\mediarouter-v7\\23.0.0\\res\\drawable-xxhdpi\\ic_cast_dark.png"
    },
    {
        "merged": "C:\\Users\\shashami\\StudioProjects\\FeedFood\\app\\build\\intermediates\\res\\merged\\debug\\drawable-xxhdpi-v4\\common_plus_signin_btn_text_light_focused.9.png",
        "source": "C:\\Users\\shashami\\StudioProjects\\FeedFood\\app\\build\\intermediates\\exploded-aar\\com.google.android.gms\\play-services-base\\8.4.0\\res\\drawable-xxhdpi\\common_plus_signin_btn_text_light_focused.9.png"
    },
    {
        "merged": "C:\\Users\\shashami\\StudioProjects\\FeedFood\\app\\build\\intermediates\\res\\merged\\debug\\drawable-xxhdpi-v4\\ic_cast_disabled_light.png",
        "source": "C:\\Users\\shashami\\StudioProjects\\FeedFood\\app\\build\\intermediates\\exploded-aar\\com.android.support\\mediarouter-v7\\23.0.0\\res\\drawable-xxhdpi\\ic_cast_disabled_light.png"
    },
    {
        "merged": "C:\\Users\\shashami\\StudioProjects\\FeedFood\\app\\build\\intermediates\\res\\merged\\debug\\drawable-xxhdpi-v4\\abc_btn_rating_star_on_mtrl_alpha.png",
        "source": "C:\\Users\\shashami\\StudioProjects\\FeedFood\\app\\build\\intermediates\\exploded-aar\\com.android.support\\appcompat-v7\\23.1.1\\res\\drawable-xxhdpi\\abc_btn_rating_star_on_mtrl_alpha.png"
    },
    {
        "merged": "C:\\Users\\shashami\\StudioProjects\\FeedFood\\app\\build\\intermediates\\res\\merged\\debug\\drawable-xxhdpi-v4\\powered_by_google_light.png",
        "source": "C:\\Users\\shashami\\StudioProjects\\FeedFood\\app\\build\\intermediates\\exploded-aar\\com.google.android.gms\\play-services-location\\8.4.0\\res\\drawable-xxhdpi\\powered_by_google_light.png"
    },
    {
        "merged": "C:\\Users\\shashami\\StudioProjects\\FeedFood\\app\\build\\intermediates\\res\\merged\\debug\\drawable-xxhdpi-v4\\ic_plusone_standard_off_client.png",
        "source": "C:\\Users\\shashami\\StudioProjects\\FeedFood\\app\\build\\intermediates\\exploded-aar\\com.google.android.gms\\play-services-plus\\8.4.0\\res\\drawable-xxhdpi\\ic_plusone_standard_off_client.png"
    },
    {
        "merged": "C:\\Users\\shashami\\StudioProjects\\FeedFood\\app\\build\\intermediates\\res\\merged\\debug\\drawable-xxhdpi-v4\\abc_list_divider_mtrl_alpha.9.png",
        "source": "C:\\Users\\shashami\\StudioProjects\\FeedFood\\app\\build\\intermediates\\exploded-aar\\com.android.support\\appcompat-v7\\23.1.1\\res\\drawable-xxhdpi\\abc_list_divider_mtrl_alpha.9.png"
    },
    {
        "merged": "C:\\Users\\shashami\\StudioProjects\\FeedFood\\app\\build\\intermediates\\res\\merged\\debug\\drawable-xxhdpi-v4\\abc_spinner_mtrl_am_alpha.9.png",
        "source": "C:\\Users\\shashami\\StudioProjects\\FeedFood\\app\\build\\intermediates\\exploded-aar\\com.android.support\\appcompat-v7\\23.1.1\\res\\drawable-xxhdpi\\abc_spinner_mtrl_am_alpha.9.png"
    },
    {
        "merged": "C:\\Users\\shashami\\StudioProjects\\FeedFood\\app\\build\\intermediates\\res\\merged\\debug\\drawable-xxhdpi-v4\\abc_list_pressed_holo_dark.9.png",
        "source": "C:\\Users\\shashami\\StudioProjects\\FeedFood\\app\\build\\intermediates\\exploded-aar\\com.android.support\\appcompat-v7\\23.1.1\\res\\drawable-xxhdpi\\abc_list_pressed_holo_dark.9.png"
    },
    {
        "merged": "C:\\Users\\shashami\\StudioProjects\\FeedFood\\app\\build\\intermediates\\res\\merged\\debug\\drawable-xxhdpi-v4\\common_plus_signin_btn_icon_light_pressed.9.png",
        "source": "C:\\Users\\shashami\\StudioProjects\\FeedFood\\app\\build\\intermediates\\exploded-aar\\com.google.android.gms\\play-services-base\\8.4.0\\res\\drawable-xxhdpi\\common_plus_signin_btn_icon_light_pressed.9.png"
    },
    {
        "merged": "C:\\Users\\shashami\\StudioProjects\\FeedFood\\app\\build\\intermediates\\res\\merged\\debug\\drawable-xxhdpi-v4\\common_plus_signin_btn_text_dark_focused.9.png",
        "source": "C:\\Users\\shashami\\StudioProjects\\FeedFood\\app\\build\\intermediates\\exploded-aar\\com.google.android.gms\\play-services-base\\8.4.0\\res\\drawable-xxhdpi\\common_plus_signin_btn_text_dark_focused.9.png"
    },
    {
        "merged": "C:\\Users\\shashami\\StudioProjects\\FeedFood\\app\\build\\intermediates\\res\\merged\\debug\\drawable-xxhdpi-v4\\abc_tab_indicator_mtrl_alpha.9.png",
        "source": "C:\\Users\\shashami\\StudioProjects\\FeedFood\\app\\build\\intermediates\\exploded-aar\\com.android.support\\appcompat-v7\\23.1.1\\res\\drawable-xxhdpi\\abc_tab_indicator_mtrl_alpha.9.png"
    },
    {
        "merged": "C:\\Users\\shashami\\StudioProjects\\FeedFood\\app\\build\\intermediates\\res\\merged\\debug\\drawable-xxhdpi-v4\\abc_btn_check_to_on_mtrl_015.png",
        "source": "C:\\Users\\shashami\\StudioProjects\\FeedFood\\app\\build\\intermediates\\exploded-aar\\com.android.support\\appcompat-v7\\23.1.1\\res\\drawable-xxhdpi\\abc_btn_check_to_on_mtrl_015.png"
    },
    {
        "merged": "C:\\Users\\shashami\\StudioProjects\\FeedFood\\app\\build\\intermediates\\res\\merged\\debug\\drawable-xxhdpi-v4\\abc_ic_ab_back_mtrl_am_alpha.png",
        "source": "C:\\Users\\shashami\\StudioProjects\\FeedFood\\app\\build\\intermediates\\exploded-aar\\com.android.support\\appcompat-v7\\23.1.1\\res\\drawable-xxhdpi\\abc_ic_ab_back_mtrl_am_alpha.png"
    },
    {
        "merged": "C:\\Users\\shashami\\StudioProjects\\FeedFood\\app\\build\\intermediates\\res\\merged\\debug\\drawable-xxhdpi-v4\\common_google_signin_btn_text_light_disabled.9.png",
        "source": "C:\\Users\\shashami\\StudioProjects\\FeedFood\\app\\build\\intermediates\\exploded-aar\\com.google.android.gms\\play-services-base\\8.4.0\\res\\drawable-xxhdpi\\common_google_signin_btn_text_light_disabled.9.png"
    },
    {
        "merged": "C:\\Users\\shashami\\StudioProjects\\FeedFood\\app\\build\\intermediates\\res\\merged\\debug\\drawable-xxhdpi-v4\\common_plus_signin_btn_text_light_disabled.9.png",
        "source": "C:\\Users\\shashami\\StudioProjects\\FeedFood\\app\\build\\intermediates\\exploded-aar\\com.google.android.gms\\play-services-base\\8.4.0\\res\\drawable-xxhdpi\\common_plus_signin_btn_text_light_disabled.9.png"
    },
    {
        "merged": "C:\\Users\\shashami\\StudioProjects\\FeedFood\\app\\build\\intermediates\\res\\merged\\debug\\drawable-xxhdpi-v4\\common_google_signin_btn_text_dark_focused.9.png",
        "source": "C:\\Users\\shashami\\StudioProjects\\FeedFood\\app\\build\\intermediates\\exploded-aar\\com.google.android.gms\\play-services-base\\8.4.0\\res\\drawable-xxhdpi\\common_google_signin_btn_text_dark_focused.9.png"
    },
    {
        "merged": "C:\\Users\\shashami\\StudioProjects\\FeedFood\\app\\build\\intermediates\\res\\merged\\debug\\drawable-xxhdpi-v4\\abc_ic_commit_search_api_mtrl_alpha.png",
        "source": "C:\\Users\\shashami\\StudioProjects\\FeedFood\\app\\build\\intermediates\\exploded-aar\\com.android.support\\appcompat-v7\\23.1.1\\res\\drawable-xxhdpi\\abc_ic_commit_search_api_mtrl_alpha.png"
    },
    {
        "merged": "C:\\Users\\shashami\\StudioProjects\\FeedFood\\app\\build\\intermediates\\res\\merged\\debug\\drawable-xxhdpi-v4\\abc_btn_rating_star_off_mtrl_alpha.png",
        "source": "C:\\Users\\shashami\\StudioProjects\\FeedFood\\app\\build\\intermediates\\exploded-aar\\com.android.support\\appcompat-v7\\23.1.1\\res\\drawable-xxhdpi\\abc_btn_rating_star_off_mtrl_alpha.png"
    },
    {
        "merged": "C:\\Users\\shashami\\StudioProjects\\FeedFood\\app\\build\\intermediates\\res\\merged\\debug\\drawable-xxhdpi-v4\\abc_textfield_default_mtrl_alpha.9.png",
        "source": "C:\\Users\\shashami\\StudioProjects\\FeedFood\\app\\build\\intermediates\\exploded-aar\\com.android.support\\appcompat-v7\\23.1.1\\res\\drawable-xxhdpi\\abc_textfield_default_mtrl_alpha.9.png"
    },
    {
        "merged": "C:\\Users\\shashami\\StudioProjects\\FeedFood\\app\\build\\intermediates\\res\\merged\\debug\\drawable-xxhdpi-v4\\common_plus_signin_btn_icon_light_normal.9.png",
        "source": "C:\\Users\\shashami\\StudioProjects\\FeedFood\\app\\build\\intermediates\\exploded-aar\\com.google.android.gms\\play-services-base\\8.4.0\\res\\drawable-xxhdpi\\common_plus_signin_btn_icon_light_normal.9.png"
    },
    {
        "merged": "C:\\Users\\shashami\\StudioProjects\\FeedFood\\app\\build\\intermediates\\res\\merged\\debug\\drawable-xxhdpi-v4\\places_ic_clear.png",
        "source": "C:\\Users\\shashami\\StudioProjects\\FeedFood\\app\\build\\intermediates\\exploded-aar\\com.google.android.gms\\play-services-location\\8.4.0\\res\\drawable-xxhdpi\\places_ic_clear.png"
    },
    {
        "merged": "C:\\Users\\shashami\\StudioProjects\\FeedFood\\app\\build\\intermediates\\res\\merged\\debug\\drawable-xxhdpi-v4\\ic_setting_light.png",
        "source": "C:\\Users\\shashami\\StudioProjects\\FeedFood\\app\\build\\intermediates\\exploded-aar\\com.android.support\\mediarouter-v7\\23.0.0\\res\\drawable-xxhdpi\\ic_setting_light.png"
    },
    {
        "merged": "C:\\Users\\shashami\\StudioProjects\\FeedFood\\app\\build\\intermediates\\res\\merged\\debug\\drawable-xxhdpi-v4\\abc_textfield_search_default_mtrl_alpha.9.png",
        "source": "C:\\Users\\shashami\\StudioProjects\\FeedFood\\app\\build\\intermediates\\exploded-aar\\com.android.support\\appcompat-v7\\23.1.1\\res\\drawable-xxhdpi\\abc_textfield_search_default_mtrl_alpha.9.png"
    },
    {
        "merged": "C:\\Users\\shashami\\StudioProjects\\FeedFood\\app\\build\\intermediates\\res\\merged\\debug\\drawable-xxhdpi-v4\\abc_scrubber_control_to_pressed_mtrl_005.png",
        "source": "C:\\Users\\shashami\\StudioProjects\\FeedFood\\app\\build\\intermediates\\exploded-aar\\com.android.support\\appcompat-v7\\23.1.1\\res\\drawable-xxhdpi\\abc_scrubber_control_to_pressed_mtrl_005.png"
    },
    {
        "merged": "C:\\Users\\shashami\\StudioProjects\\FeedFood\\app\\build\\intermediates\\res\\merged\\debug\\drawable-xxhdpi-v4\\common_google_signin_btn_icon_dark_normal.9.png",
        "source": "C:\\Users\\shashami\\StudioProjects\\FeedFood\\app\\build\\intermediates\\exploded-aar\\com.google.android.gms\\play-services-base\\8.4.0\\res\\drawable-xxhdpi\\common_google_signin_btn_icon_dark_normal.9.png"
    },
    {
        "merged": "C:\\Users\\shashami\\StudioProjects\\FeedFood\\app\\build\\intermediates\\res\\merged\\debug\\drawable-xxhdpi-v4\\abc_list_pressed_holo_light.9.png",
        "source": "C:\\Users\\shashami\\StudioProjects\\FeedFood\\app\\build\\intermediates\\exploded-aar\\com.android.support\\appcompat-v7\\23.1.1\\res\\drawable-xxhdpi\\abc_list_pressed_holo_light.9.png"
    },
    {
        "merged": "C:\\Users\\shashami\\StudioProjects\\FeedFood\\app\\build\\intermediates\\res\\merged\\debug\\drawable-xxhdpi-v4\\abc_ic_menu_cut_mtrl_alpha.png",
        "source": "C:\\Users\\shashami\\StudioProjects\\FeedFood\\app\\build\\intermediates\\exploded-aar\\com.android.support\\appcompat-v7\\23.1.1\\res\\drawable-xxhdpi\\abc_ic_menu_cut_mtrl_alpha.png"
    },
    {
        "merged": "C:\\Users\\shashami\\StudioProjects\\FeedFood\\app\\build\\intermediates\\res\\merged\\debug\\drawable-xxhdpi-v4\\common_plus_signin_btn_icon_light_focused.9.png",
        "source": "C:\\Users\\shashami\\StudioProjects\\FeedFood\\app\\build\\intermediates\\exploded-aar\\com.google.android.gms\\play-services-base\\8.4.0\\res\\drawable-xxhdpi\\common_plus_signin_btn_icon_light_focused.9.png"
    },
    {
        "merged": "C:\\Users\\shashami\\StudioProjects\\FeedFood\\app\\build\\intermediates\\res\\merged\\debug\\drawable-xxhdpi-v4\\powered_by_google_dark.png",
        "source": "C:\\Users\\shashami\\StudioProjects\\FeedFood\\app\\build\\intermediates\\exploded-aar\\com.google.android.gms\\play-services-location\\8.4.0\\res\\drawable-xxhdpi\\powered_by_google_dark.png"
    },
    {
        "merged": "C:\\Users\\shashami\\StudioProjects\\FeedFood\\app\\build\\intermediates\\res\\merged\\debug\\drawable-xxhdpi-v4\\ic_media_play.png",
        "source": "C:\\Users\\shashami\\StudioProjects\\FeedFood\\app\\build\\intermediates\\exploded-aar\\com.android.support\\mediarouter-v7\\23.0.0\\res\\drawable-xxhdpi\\ic_media_play.png"
    },
    {
        "merged": "C:\\Users\\shashami\\StudioProjects\\FeedFood\\app\\build\\intermediates\\res\\merged\\debug\\drawable-xxhdpi-v4\\common_google_signin_btn_icon_light_focused.9.png",
        "source": "C:\\Users\\shashami\\StudioProjects\\FeedFood\\app\\build\\intermediates\\exploded-aar\\com.google.android.gms\\play-services-base\\8.4.0\\res\\drawable-xxhdpi\\common_google_signin_btn_icon_light_focused.9.png"
    },
    {
        "merged": "C:\\Users\\shashami\\StudioProjects\\FeedFood\\app\\build\\intermediates\\res\\merged\\debug\\drawable-xxhdpi-v4\\common_plus_signin_btn_text_light_pressed.9.png",
        "source": "C:\\Users\\shashami\\StudioProjects\\FeedFood\\app\\build\\intermediates\\exploded-aar\\com.google.android.gms\\play-services-base\\8.4.0\\res\\drawable-xxhdpi\\common_plus_signin_btn_text_light_pressed.9.png"
    },
    {
        "merged": "C:\\Users\\shashami\\StudioProjects\\FeedFood\\app\\build\\intermediates\\res\\merged\\debug\\drawable-xxhdpi-v4\\abc_ic_menu_share_mtrl_alpha.png",
        "source": "C:\\Users\\shashami\\StudioProjects\\FeedFood\\app\\build\\intermediates\\exploded-aar\\com.android.support\\appcompat-v7\\23.1.1\\res\\drawable-xxhdpi\\abc_ic_menu_share_mtrl_alpha.png"
    },
    {
        "merged": "C:\\Users\\shashami\\StudioProjects\\FeedFood\\app\\build\\intermediates\\res\\merged\\debug\\drawable-xxhdpi-v4\\ic_media_route_off_mono_dark.png",
        "source": "C:\\Users\\shashami\\StudioProjects\\FeedFood\\app\\build\\intermediates\\exploded-aar\\com.android.support\\mediarouter-v7\\23.0.0\\res\\drawable-xxhdpi\\ic_media_route_off_mono_dark.png"
    },
    {
        "merged": "C:\\Users\\shashami\\StudioProjects\\FeedFood\\app\\build\\intermediates\\res\\merged\\debug\\drawable-xxhdpi-v4\\common_google_signin_btn_text_light_pressed.9.png",
        "source": "C:\\Users\\shashami\\StudioProjects\\FeedFood\\app\\build\\intermediates\\exploded-aar\\com.google.android.gms\\play-services-base\\8.4.0\\res\\drawable-xxhdpi\\common_google_signin_btn_text_light_pressed.9.png"
    },
    {
        "merged": "C:\\Users\\shashami\\StudioProjects\\FeedFood\\app\\build\\intermediates\\res\\merged\\debug\\drawable-xxhdpi-v4\\abc_menu_hardkey_panel_mtrl_mult.9.png",
        "source": "C:\\Users\\shashami\\StudioProjects\\FeedFood\\app\\build\\intermediates\\exploded-aar\\com.android.support\\appcompat-v7\\23.1.1\\res\\drawable-xxhdpi\\abc_menu_hardkey_panel_mtrl_mult.9.png"
    },
    {
        "merged": "C:\\Users\\shashami\\StudioProjects\\FeedFood\\app\\build\\intermediates\\res\\merged\\debug\\drawable-xxhdpi-v4\\cast_ic_notification_0.png",
        "source": "C:\\Users\\shashami\\StudioProjects\\FeedFood\\app\\build\\intermediates\\exploded-aar\\com.google.android.gms\\play-services-cast\\8.4.0\\res\\drawable-xxhdpi\\cast_ic_notification_0.png"
    },
    {
        "merged": "C:\\Users\\shashami\\StudioProjects\\FeedFood\\app\\build\\intermediates\\res\\merged\\debug\\drawable-xxhdpi-v4\\abc_ab_share_pack_mtrl_alpha.9.png",
        "source": "C:\\Users\\shashami\\StudioProjects\\FeedFood\\app\\build\\intermediates\\exploded-aar\\com.android.support\\appcompat-v7\\23.1.1\\res\\drawable-xxhdpi\\abc_ab_share_pack_mtrl_alpha.9.png"
    },
    {
        "merged": "C:\\Users\\shashami\\StudioProjects\\FeedFood\\app\\build\\intermediates\\res\\merged\\debug\\drawable-xxhdpi-v4\\abc_scrubber_primary_mtrl_alpha.9.png",
        "source": "C:\\Users\\shashami\\StudioProjects\\FeedFood\\app\\build\\intermediates\\exploded-aar\\com.android.support\\appcompat-v7\\23.1.1\\res\\drawable-xxhdpi\\abc_scrubber_primary_mtrl_alpha.9.png"
    },
    {
        "merged": "C:\\Users\\shashami\\StudioProjects\\FeedFood\\app\\build\\intermediates\\res\\merged\\debug\\drawable-xxhdpi-v4\\ic_plusone_medium_off_client.png",
        "source": "C:\\Users\\shashami\\StudioProjects\\FeedFood\\app\\build\\intermediates\\exploded-aar\\com.google.android.gms\\play-services-plus\\8.4.0\\res\\drawable-xxhdpi\\ic_plusone_medium_off_client.png"
    },
    {
        "merged": "C:\\Users\\shashami\\StudioProjects\\FeedFood\\app\\build\\intermediates\\res\\merged\\debug\\drawable-xxhdpi-v4\\ic_cast_off_light.png",
        "source": "C:\\Users\\shashami\\StudioProjects\\FeedFood\\app\\build\\intermediates\\exploded-aar\\com.android.support\\mediarouter-v7\\23.0.0\\res\\drawable-xxhdpi\\ic_cast_off_light.png"
    },
    {
        "merged": "C:\\Users\\shashami\\StudioProjects\\FeedFood\\app\\build\\intermediates\\res\\merged\\debug\\drawable-xxhdpi-v4\\ic_setting_dark.png",
        "source": "C:\\Users\\shashami\\StudioProjects\\FeedFood\\app\\build\\intermediates\\exploded-aar\\com.android.support\\mediarouter-v7\\23.0.0\\res\\drawable-xxhdpi\\ic_setting_dark.png"
    },
    {
        "merged": "C:\\Users\\shashami\\StudioProjects\\FeedFood\\app\\build\\intermediates\\res\\merged\\debug\\drawable-xxhdpi-v4\\common_plus_signin_btn_icon_dark_pressed.9.png",
        "source": "C:\\Users\\shashami\\StudioProjects\\FeedFood\\app\\build\\intermediates\\exploded-aar\\com.google.android.gms\\play-services-base\\8.4.0\\res\\drawable-xxhdpi\\common_plus_signin_btn_icon_dark_pressed.9.png"
    },
    {
        "merged": "C:\\Users\\shashami\\StudioProjects\\FeedFood\\app\\build\\intermediates\\res\\merged\\debug\\drawable-xxhdpi-v4\\ic_play_dark.png",
        "source": "C:\\Users\\shashami\\StudioProjects\\FeedFood\\app\\build\\intermediates\\exploded-aar\\com.android.support\\mediarouter-v7\\23.0.0\\res\\drawable-xxhdpi\\ic_play_dark.png"
    },
    {
        "merged": "C:\\Users\\shashami\\StudioProjects\\FeedFood\\app\\build\\intermediates\\res\\merged\\debug\\drawable-xxhdpi-v4\\cast_ic_notification_1.png",
        "source": "C:\\Users\\shashami\\StudioProjects\\FeedFood\\app\\build\\intermediates\\exploded-aar\\com.google.android.gms\\play-services-cast\\8.4.0\\res\\drawable-xxhdpi\\cast_ic_notification_1.png"
    },
    {
        "merged": "C:\\Users\\shashami\\StudioProjects\\FeedFood\\app\\build\\intermediates\\res\\merged\\debug\\drawable-xxhdpi-v4\\ic_cast_on_0_light.png",
        "source": "C:\\Users\\shashami\\StudioProjects\\FeedFood\\app\\build\\intermediates\\exploded-aar\\com.android.support\\mediarouter-v7\\23.0.0\\res\\drawable-xxhdpi\\ic_cast_on_0_light.png"
    },
    {
        "merged": "C:\\Users\\shashami\\StudioProjects\\FeedFood\\app\\build\\intermediates\\res\\merged\\debug\\drawable-xxhdpi-v4\\ic_media_route_on_0_mono_dark.png",
        "source": "C:\\Users\\shashami\\StudioProjects\\FeedFood\\app\\build\\intermediates\\exploded-aar\\com.android.support\\mediarouter-v7\\23.0.0\\res\\drawable-xxhdpi\\ic_media_route_on_0_mono_dark.png"
    },
    {
        "merged": "C:\\Users\\shashami\\StudioProjects\\FeedFood\\app\\build\\intermediates\\res\\merged\\debug\\drawable-xxhdpi-v4\\common_plus_signin_btn_text_dark_pressed.9.png",
        "source": "C:\\Users\\shashami\\StudioProjects\\FeedFood\\app\\build\\intermediates\\exploded-aar\\com.google.android.gms\\play-services-base\\8.4.0\\res\\drawable-xxhdpi\\common_plus_signin_btn_text_dark_pressed.9.png"
    },
    {
        "merged": "C:\\Users\\shashami\\StudioProjects\\FeedFood\\app\\build\\intermediates\\res\\merged\\debug\\drawable-xxhdpi-v4\\abc_popup_background_mtrl_mult.9.png",
        "source": "C:\\Users\\shashami\\StudioProjects\\FeedFood\\app\\build\\intermediates\\exploded-aar\\com.android.support\\appcompat-v7\\23.1.1\\res\\drawable-xxhdpi\\abc_popup_background_mtrl_mult.9.png"
    },
    {
        "merged": "C:\\Users\\shashami\\StudioProjects\\FeedFood\\app\\build\\intermediates\\res\\merged\\debug\\drawable-xxhdpi-v4\\common_full_open_on_phone.png",
        "source": "C:\\Users\\shashami\\StudioProjects\\FeedFood\\app\\build\\intermediates\\exploded-aar\\com.google.android.gms\\play-services-base\\8.4.0\\res\\drawable-xxhdpi\\common_full_open_on_phone.png"
    },
    {
        "merged": "C:\\Users\\shashami\\StudioProjects\\FeedFood\\app\\build\\intermediates\\res\\merged\\debug\\drawable-xxhdpi-v4\\abc_btn_switch_to_on_mtrl_00001.9.png",
        "source": "C:\\Users\\shashami\\StudioProjects\\FeedFood\\app\\build\\intermediates\\exploded-aar\\com.android.support\\appcompat-v7\\23.1.1\\res\\drawable-xxhdpi\\abc_btn_switch_to_on_mtrl_00001.9.png"
    },
    {
        "merged": "C:\\Users\\shashami\\StudioProjects\\FeedFood\\app\\build\\intermediates\\res\\merged\\debug\\drawable-xxhdpi-v4\\ic_cast_on_1_light.png",
        "source": "C:\\Users\\shashami\\StudioProjects\\FeedFood\\app\\build\\intermediates\\exploded-aar\\com.android.support\\mediarouter-v7\\23.0.0\\res\\drawable-xxhdpi\\ic_cast_on_1_light.png"
    },
    {
        "merged": "C:\\Users\\shashami\\StudioProjects\\FeedFood\\app\\build\\intermediates\\res\\merged\\debug\\drawable-xxhdpi-v4\\common_google_signin_btn_icon_dark_disabled.9.png",
        "source": "C:\\Users\\shashami\\StudioProjects\\FeedFood\\app\\build\\intermediates\\exploded-aar\\com.google.android.gms\\play-services-base\\8.4.0\\res\\drawable-xxhdpi\\common_google_signin_btn_icon_dark_disabled.9.png"
    },
    {
        "merged": "C:\\Users\\shashami\\StudioProjects\\FeedFood\\app\\build\\intermediates\\res\\merged\\debug\\drawable-xxhdpi-v4\\common_plus_signin_btn_text_dark_normal.9.png",
        "source": "C:\\Users\\shashami\\StudioProjects\\FeedFood\\app\\build\\intermediates\\exploded-aar\\com.google.android.gms\\play-services-base\\8.4.0\\res\\drawable-xxhdpi\\common_plus_signin_btn_text_dark_normal.9.png"
    },
    {
        "merged": "C:\\Users\\shashami\\StudioProjects\\FeedFood\\app\\build\\intermediates\\res\\merged\\debug\\drawable-xxhdpi-v4\\abc_btn_check_to_on_mtrl_000.png",
        "source": "C:\\Users\\shashami\\StudioProjects\\FeedFood\\app\\build\\intermediates\\exploded-aar\\com.android.support\\appcompat-v7\\23.1.1\\res\\drawable-xxhdpi\\abc_btn_check_to_on_mtrl_000.png"
    },
    {
        "merged": "C:\\Users\\shashami\\StudioProjects\\FeedFood\\app\\build\\intermediates\\res\\merged\\debug\\drawable-xxhdpi-v4\\ic_play_light.png",
        "source": "C:\\Users\\shashami\\StudioProjects\\FeedFood\\app\\build\\intermediates\\exploded-aar\\com.android.support\\mediarouter-v7\\23.0.0\\res\\drawable-xxhdpi\\ic_play_light.png"
    },
    {
        "merged": "C:\\Users\\shashami\\StudioProjects\\FeedFood\\app\\build\\intermediates\\res\\merged\\debug\\drawable-xxhdpi-v4\\common_google_signin_btn_text_light_focused.9.png",
        "source": "C:\\Users\\shashami\\StudioProjects\\FeedFood\\app\\build\\intermediates\\exploded-aar\\com.google.android.gms\\play-services-base\\8.4.0\\res\\drawable-xxhdpi\\common_google_signin_btn_text_light_focused.9.png"
    },
    {
        "merged": "C:\\Users\\shashami\\StudioProjects\\FeedFood\\app\\build\\intermediates\\res\\merged\\debug\\drawable-xxhdpi-v4\\abc_ic_menu_moreoverflow_mtrl_alpha.png",
        "source": "C:\\Users\\shashami\\StudioProjects\\FeedFood\\app\\build\\intermediates\\exploded-aar\\com.android.support\\appcompat-v7\\23.1.1\\res\\drawable-xxhdpi\\abc_ic_menu_moreoverflow_mtrl_alpha.png"
    },
    {
        "merged": "C:\\Users\\shashami\\StudioProjects\\FeedFood\\app\\build\\intermediates\\res\\merged\\debug\\drawable-xxhdpi-v4\\ic_pause_dark.png",
        "source": "C:\\Users\\shashami\\StudioProjects\\FeedFood\\app\\build\\intermediates\\exploded-aar\\com.android.support\\mediarouter-v7\\23.0.0\\res\\drawable-xxhdpi\\ic_pause_dark.png"
    },
    {
        "merged": "C:\\Users\\shashami\\StudioProjects\\FeedFood\\app\\build\\intermediates\\res\\merged\\debug\\drawable-xxhdpi-v4\\ic_media_route_on_2_mono_dark.png",
        "source": "C:\\Users\\shashami\\StudioProjects\\FeedFood\\app\\build\\intermediates\\exploded-aar\\com.android.support\\mediarouter-v7\\23.0.0\\res\\drawable-xxhdpi\\ic_media_route_on_2_mono_dark.png"
    },
    {
        "merged": "C:\\Users\\shashami\\StudioProjects\\FeedFood\\app\\build\\intermediates\\res\\merged\\debug\\drawable-xxhdpi-v4\\ic_media_pause.png",
        "source": "C:\\Users\\shashami\\StudioProjects\\FeedFood\\app\\build\\intermediates\\exploded-aar\\com.android.support\\mediarouter-v7\\23.0.0\\res\\drawable-xxhdpi\\ic_media_pause.png"
    },
    {
        "merged": "C:\\Users\\shashami\\StudioProjects\\FeedFood\\app\\build\\intermediates\\res\\merged\\debug\\drawable-xxhdpi-v4\\abc_list_focused_holo.9.png",
        "source": "C:\\Users\\shashami\\StudioProjects\\FeedFood\\app\\build\\intermediates\\exploded-aar\\com.android.support\\appcompat-v7\\23.1.1\\res\\drawable-xxhdpi\\abc_list_focused_holo.9.png"
    },
    {
        "merged": "C:\\Users\\shashami\\StudioProjects\\FeedFood\\app\\build\\intermediates\\res\\merged\\debug\\drawable-xxhdpi-v4\\abc_textfield_search_activated_mtrl_alpha.9.png",
        "source": "C:\\Users\\shashami\\StudioProjects\\FeedFood\\app\\build\\intermediates\\exploded-aar\\com.android.support\\appcompat-v7\\23.1.1\\res\\drawable-xxhdpi\\abc_textfield_search_activated_mtrl_alpha.9.png"
    },
    {
        "merged": "C:\\Users\\shashami\\StudioProjects\\FeedFood\\app\\build\\intermediates\\res\\merged\\debug\\drawable-xxhdpi-v4\\abc_scrubber_control_to_pressed_mtrl_000.png",
        "source": "C:\\Users\\shashami\\StudioProjects\\FeedFood\\app\\build\\intermediates\\exploded-aar\\com.android.support\\appcompat-v7\\23.1.1\\res\\drawable-xxhdpi\\abc_scrubber_control_to_pressed_mtrl_000.png"
    },
    {
        "merged": "C:\\Users\\shashami\\StudioProjects\\FeedFood\\app\\build\\intermediates\\res\\merged\\debug\\drawable-xxhdpi-v4\\ic_cast_light.png",
        "source": "C:\\Users\\shashami\\StudioProjects\\FeedFood\\app\\build\\intermediates\\exploded-aar\\com.android.support\\mediarouter-v7\\23.0.0\\res\\drawable-xxhdpi\\ic_cast_light.png"
    },
    {
        "merged": "C:\\Users\\shashami\\StudioProjects\\FeedFood\\app\\build\\intermediates\\res\\merged\\debug\\drawable-xxhdpi-v4\\abc_ic_voice_search_api_mtrl_alpha.png",
        "source": "C:\\Users\\shashami\\StudioProjects\\FeedFood\\app\\build\\intermediates\\exploded-aar\\com.android.support\\appcompat-v7\\23.1.1\\res\\drawable-xxhdpi\\abc_ic_voice_search_api_mtrl_alpha.png"
    },
    {
        "merged": "C:\\Users\\shashami\\StudioProjects\\FeedFood\\app\\build\\intermediates\\res\\merged\\debug\\drawable-xxhdpi-v4\\abc_ic_search_api_mtrl_alpha.png",
        "source": "C:\\Users\\shashami\\StudioProjects\\FeedFood\\app\\build\\intermediates\\exploded-aar\\com.android.support\\appcompat-v7\\23.1.1\\res\\drawable-xxhdpi\\abc_ic_search_api_mtrl_alpha.png"
    },
    {
        "merged": "C:\\Users\\shashami\\StudioProjects\\FeedFood\\app\\build\\intermediates\\res\\merged\\debug\\drawable-xxhdpi-v4\\common_google_signin_btn_text_light_normal.9.png",
        "source": "C:\\Users\\shashami\\StudioProjects\\FeedFood\\app\\build\\intermediates\\exploded-aar\\com.google.android.gms\\play-services-base\\8.4.0\\res\\drawable-xxhdpi\\common_google_signin_btn_text_light_normal.9.png"
    },
    {
        "merged": "C:\\Users\\shashami\\StudioProjects\\FeedFood\\app\\build\\intermediates\\res\\merged\\debug\\drawable-xxhdpi-v4\\common_google_signin_btn_icon_light_pressed.9.png",
        "source": "C:\\Users\\shashami\\StudioProjects\\FeedFood\\app\\build\\intermediates\\exploded-aar\\com.google.android.gms\\play-services-base\\8.4.0\\res\\drawable-xxhdpi\\common_google_signin_btn_icon_light_pressed.9.png"
    },
    {
        "merged": "C:\\Users\\shashami\\StudioProjects\\FeedFood\\app\\build\\intermediates\\res\\merged\\debug\\drawable-xxhdpi-v4\\abc_scrubber_track_mtrl_alpha.9.png",
        "source": "C:\\Users\\shashami\\StudioProjects\\FeedFood\\app\\build\\intermediates\\exploded-aar\\com.android.support\\appcompat-v7\\23.1.1\\res\\drawable-xxhdpi\\abc_scrubber_track_mtrl_alpha.9.png"
    },
    {
        "merged": "C:\\Users\\shashami\\StudioProjects\\FeedFood\\app\\build\\intermediates\\res\\merged\\debug\\drawable-xxhdpi-v4\\abc_ic_menu_selectall_mtrl_alpha.png",
        "source": "C:\\Users\\shashami\\StudioProjects\\FeedFood\\app\\build\\intermediates\\exploded-aar\\com.android.support\\appcompat-v7\\23.1.1\\res\\drawable-xxhdpi\\abc_ic_menu_selectall_mtrl_alpha.png"
    },
    {
        "merged": "C:\\Users\\shashami\\StudioProjects\\FeedFood\\app\\build\\intermediates\\res\\merged\\debug\\drawable-xxhdpi-v4\\ic_pause_light.png",
        "source": "C:\\Users\\shashami\\StudioProjects\\FeedFood\\app\\build\\intermediates\\exploded-aar\\com.android.support\\mediarouter-v7\\23.0.0\\res\\drawable-xxhdpi\\ic_pause_light.png"
    },
    {
        "merged": "C:\\Users\\shashami\\StudioProjects\\FeedFood\\app\\build\\intermediates\\res\\merged\\debug\\drawable-xxhdpi-v4\\common_plus_signin_btn_icon_dark_focused.9.png",
        "source": "C:\\Users\\shashami\\StudioProjects\\FeedFood\\app\\build\\intermediates\\exploded-aar\\com.google.android.gms\\play-services-base\\8.4.0\\res\\drawable-xxhdpi\\common_plus_signin_btn_icon_dark_focused.9.png"
    },
    {
        "merged": "C:\\Users\\shashami\\StudioProjects\\FeedFood\\app\\build\\intermediates\\res\\merged\\debug\\drawable-xxhdpi-v4\\ic_plusone_small_off_client.png",
        "source": "C:\\Users\\shashami\\StudioProjects\\FeedFood\\app\\build\\intermediates\\exploded-aar\\com.google.android.gms\\play-services-plus\\8.4.0\\res\\drawable-xxhdpi\\ic_plusone_small_off_client.png"
    },
    {
        "merged": "C:\\Users\\shashami\\StudioProjects\\FeedFood\\app\\build\\intermediates\\res\\merged\\debug\\drawable-xxhdpi-v4\\common_plus_signin_btn_text_light_normal.9.png",
        "source": "C:\\Users\\shashami\\StudioProjects\\FeedFood\\app\\build\\intermediates\\exploded-aar\\com.google.android.gms\\play-services-base\\8.4.0\\res\\drawable-xxhdpi\\common_plus_signin_btn_text_light_normal.9.png"
    },
    {
        "merged": "C:\\Users\\shashami\\StudioProjects\\FeedFood\\app\\build\\intermediates\\res\\merged\\debug\\drawable-xxhdpi-v4\\abc_textfield_activated_mtrl_alpha.9.png",
        "source": "C:\\Users\\shashami\\StudioProjects\\FeedFood\\app\\build\\intermediates\\exploded-aar\\com.android.support\\appcompat-v7\\23.1.1\\res\\drawable-xxhdpi\\abc_textfield_activated_mtrl_alpha.9.png"
    },
    {
        "merged": "C:\\Users\\shashami\\StudioProjects\\FeedFood\\app\\build\\intermediates\\res\\merged\\debug\\drawable-xxhdpi-v4\\common_plus_signin_btn_icon_light_disabled.9.png",
        "source": "C:\\Users\\shashami\\StudioProjects\\FeedFood\\app\\build\\intermediates\\exploded-aar\\com.google.android.gms\\play-services-base\\8.4.0\\res\\drawable-xxhdpi\\common_plus_signin_btn_icon_light_disabled.9.png"
    },
    {
        "merged": "C:\\Users\\shashami\\StudioProjects\\FeedFood\\app\\build\\intermediates\\res\\merged\\debug\\drawable-xxhdpi-v4\\abc_cab_background_top_mtrl_alpha.9.png",
        "source": "C:\\Users\\shashami\\StudioProjects\\FeedFood\\app\\build\\intermediates\\exploded-aar\\com.android.support\\appcompat-v7\\23.1.1\\res\\drawable-xxhdpi\\abc_cab_background_top_mtrl_alpha.9.png"
    },
    {
        "merged": "C:\\Users\\shashami\\StudioProjects\\FeedFood\\app\\build\\intermediates\\res\\merged\\debug\\drawable-xxhdpi-v4\\common_plus_signin_btn_icon_dark_normal.9.png",
        "source": "C:\\Users\\shashami\\StudioProjects\\FeedFood\\app\\build\\intermediates\\exploded-aar\\com.google.android.gms\\play-services-base\\8.4.0\\res\\drawable-xxhdpi\\common_plus_signin_btn_icon_dark_normal.9.png"
    },
    {
        "merged": "C:\\Users\\shashami\\StudioProjects\\FeedFood\\app\\build\\intermediates\\res\\merged\\debug\\drawable-xxhdpi-v4\\common_google_signin_btn_icon_light_disabled.9.png",
        "source": "C:\\Users\\shashami\\StudioProjects\\FeedFood\\app\\build\\intermediates\\exploded-aar\\com.google.android.gms\\play-services-base\\8.4.0\\res\\drawable-xxhdpi\\common_google_signin_btn_icon_light_disabled.9.png"
    },
    {
        "merged": "C:\\Users\\shashami\\StudioProjects\\FeedFood\\app\\build\\intermediates\\res\\merged\\debug\\drawable-xxhdpi-v4\\common_google_signin_btn_icon_dark_focused.9.png",
        "source": "C:\\Users\\shashami\\StudioProjects\\FeedFood\\app\\build\\intermediates\\exploded-aar\\com.google.android.gms\\play-services-base\\8.4.0\\res\\drawable-xxhdpi\\common_google_signin_btn_icon_dark_focused.9.png"
    },
    {
        "merged": "C:\\Users\\shashami\\StudioProjects\\FeedFood\\app\\build\\intermediates\\res\\merged\\debug\\drawable-xxhdpi-v4\\ic_media_route_disabled_mono_dark.png",
        "source": "C:\\Users\\shashami\\StudioProjects\\FeedFood\\app\\build\\intermediates\\exploded-aar\\com.android.support\\mediarouter-v7\\23.0.0\\res\\drawable-xxhdpi\\ic_media_route_disabled_mono_dark.png"
    },
    {
        "merged": "C:\\Users\\shashami\\StudioProjects\\FeedFood\\app\\build\\intermediates\\res\\merged\\debug\\drawable-xxhdpi-v4\\abc_list_selector_disabled_holo_light.9.png",
        "source": "C:\\Users\\shashami\\StudioProjects\\FeedFood\\app\\build\\intermediates\\exploded-aar\\com.android.support\\appcompat-v7\\23.1.1\\res\\drawable-xxhdpi\\abc_list_selector_disabled_holo_light.9.png"
    },
    {
        "merged": "C:\\Users\\shashami\\StudioProjects\\FeedFood\\app\\build\\intermediates\\res\\merged\\debug\\drawable-xxhdpi-v4\\places_ic_search.png",
        "source": "C:\\Users\\shashami\\StudioProjects\\FeedFood\\app\\build\\intermediates\\exploded-aar\\com.google.android.gms\\play-services-location\\8.4.0\\res\\drawable-xxhdpi\\places_ic_search.png"
    },
    {
        "merged": "C:\\Users\\shashami\\StudioProjects\\FeedFood\\app\\build\\intermediates\\res\\merged\\debug\\drawable-xxhdpi-v4\\abc_btn_switch_to_on_mtrl_00012.9.png",
        "source": "C:\\Users\\shashami\\StudioProjects\\FeedFood\\app\\build\\intermediates\\exploded-aar\\com.android.support\\appcompat-v7\\23.1.1\\res\\drawable-xxhdpi\\abc_btn_switch_to_on_mtrl_00012.9.png"
    }
]